station_code,areas,region
1,"GODAVARI AT JAYAKWADI DAM, AURNaNGABAD,MAHARASHTRA",MAHARASHTRA
2,GODAVARI RIVER NEAR SOMESHWAR TEMPLE.,MAHARASHTRA
3,GODAVARI RIVER AT SAIKHEDA.,MAHARASHTRA
4,"GODAVARI RIVER AT HANUMAN GHAT, NaNSHIK CITY.",MAHARASHTRA
5,GODAVARI RIVER AT NaNDUR- MADMESHWAR DAM.,MAHARASHTRA
6,"GODAVARI RIVER AT KAPILA- GODAVARI CONFLUENCE POINT, TAPOVAN.",MAHARASHTRA
7,GODAVARI RIVER NEAR TAPOVAN.,MAHARASHTRA
8,"GODAVARI AT PANCHAVATI AT RAMKUND,MAHARASHTRA",MAHARASHTRA
9,"GODAVARI AT NaNSIK D/S, MAHARASHTRA",MAHARASHTRA
10,"GODAVARI AT U/S OF GANGAPUR DAM,NaNSIK,MAHARASHTRA",MAHARASHTRA
11,"GODAVARI RIVER AT U/S OF AURANGABAD RESERVOIR, KAIGAON TOKKA NEAR KAIGAON BRIDGE.",MAHARASHTRA
12,GODAVARI RIVER AT U/S OF PAITHAN AT PAITHAN INTAKE PUMP HOUSE AT JAYAKWADI�,MAHARASHTRA
13,GODAVARI RIVER AT D/S OF PAITHAN AT PATHEGAON BRIDGE.,MAHARASHTRA
14,"GODAVARI RIVER AT JALNaN INTAKE WATER PUMP HOUSE, SHAHABAD.",MAHARASHTRA
15,"GODAVARI AT DHALEGAON, MAHARASHTRA",MAHARASHTRA
16,"GODAVARI AT RAHER, MAHARASHTRA",MAHARASHTRA
17,GODAVARI RIVER AT LATUR WATER INTAKE NEAR PUMP HOUSE AT DHAMEGAON.,MAHARASHTRA
18,"GODAVARI AT BASARA, ADILABAD",ANDHRA PRADESH
19,"GODAVARI��AT MANCHERIAL, NEAR RLY BDG B/C OF RALLAVAGU",ANDHRA PRADESH
20,"GODAVARI AT RAMAGUNDAM D/S, NEAR FCI INTAKE WELL, KARIMNaNGAR",ANDHRA PRADESH
21,"GODAVARI AT GODAVARIKHANI, NEAR BATHING GHAT, KARIMNaNGAR",ANDHRA PRADESH
22,"GODAVARI AT RAMAGUNDAM U/S , KARIMNaNGAR",ANDHRA PRADESH
23,"GODAVARI,��D/S OF RAMANUGUNDAM,",ANDHRA PRADESH
24,"GODAVARI AT KAMALPUR U/S M/S AP RAYONS LTD. INTAKE WELL, WARANGAL",ANDHRA PRADESH
25,"GODAVARI AT KAMALPUR D/S AT M/S. AP RAYONS LTD. DISCHARGE POINT, WARANGAL",ANDHRA PRADESH
26,"GODAVARI AT MANCHERIAL, A.P.",ANDHRA PRADESH
27,"GODAVARI AT BHADRACHALAM U/S BATHING GHAT, KHAMMAM",ANDHRA PRADESH
28,"GODAVARI AT BHADRACHALAM D/S BATHING GHAT, KHAMMAM",ANDHRA PRADESH
29,"GODAVARI AT BURGAMPAHAD, KHAMMAM",ANDHRA PRADESH
30,GODAVARI AT RAJAMUNDRY U/S OF NaNLLA CHANNEL,ANDHRA PRADESH
32,"GODAVARI AT RAJAHMUNDRY U/S, A.P.",ANDHRA PRADESH
33,GODAVARI AT RAJAMUNDRY D/S OF NaNLLA CHANNEL,ANDHRA PRADESH
44,"GANGA AT GARHMUKTESHWAR, U.P",UTTAR PRADESH
45,"GANGA U/S, ANOOPSHAHAR",UTTAR PRADESH
46,"GANGA D/S, ANOOPSHAHAR",UTTAR PRADESH
47,"GANGA AT NaNRORA (BULANDSAHAR), U.P.",UTTAR PRADESH
48,"GANGA AT KACHHLA GHAT, ALIGARH",UTTAR PRADESH
49,"GANGA AT KANNaNUJ U/S (RAJGHAT), U.P",UTTAR PRADESH
50,"GANGA AT KANNaNUJ D/S, U.P",UTTAR PRADESH
51,"GANGA AT BITHOOR (KANPUR), U.P.",UTTAR PRADESH
52,"GANGA AT KANPUR U/S (RANIGHAT), U.P",UTTAR PRADESH
53,"GANGA AT KANPUR D/S (JAJMAU PUMPING STATION), U.P",UTTAR PRADESH
54,"GANGA AT DALMAU (RAI BAREILLY), U.P.",UTTAR PRADESH
55,"GANGA AT KALA KANKAR, RAEBARELI",UTTAR PRADESH
56,"GANGA AT ALLAHABAD (RASOOLABAD), U.P.",UTTAR PRADESH
57,"GANGA AT KADAGHAT, ALLAHABAD",UTTAR PRADESH
58,"GANGA AT ALLAHABAD D/S (SANGAM), U.P.",UTTAR PRADESH
59,"GANGA U/S, VINDHYACHAL, MIRZAPUR",UTTAR PRADESH
60,"GANGA D/S, MIRZAPUR",UTTAR PRADESH
61,"GANGA AT VARANaNSI U/S (ASSIGHAT), U.P",UTTAR PRADESH
62,"GANGA AT VARANaNSI D/S (MALVIYA BRIDGE), U.P",UTTAR PRADESH
63,"GANGA AT TRIGHAT (GHAZIPUR), U.P",UTTAR PRADESH
64,"SHUKRA TAL, MUZAFFARNaNGAR, NEAR GANGA RIVER",UTTAR PRADESH
65,"GANGA AT BUXAR,BIHAR",BIHAR
66,"GANGA AT BUXAR, RAMREKHAGHAT",BIHAR
67,"GANGA AT KHURJI, PATNaN U/S, BIHAR",BIHAR
68,"GANGA AT INDRAPURI, DEHRI ON SONE",BIHAR
69,"GANGA��AT THE CONFLUENCE OF SONE RIVER DORIGANJ, CHAPRA",BIHAR
70,GANGA DARBHANGA GHAT AT PATNaN,BIHAR
71,"GANGA AT PATNaN D/S (GANGA BRIDGE),BIHAR",BIHAR
72,"GANGA AT PUNPUN, PATNaN",BIHAR
73,GANGA AT FATUHA,BIHAR
74,GANGA AT MOKAMA (U/S),BIHAR
75,GANGA AT MOKAMA (D/S),BIHAR
76,GANGA AT MUNGER,BIHAR
77,"GANGA AT SULTANGANJ, BHAGALPUR",BIHAR
78,GANGA AT BHAGALPUR,BIHAR
79,GANGA AT KAHALGAON,BIHAR
80,GANGA AT D/S BUXAR NEAR GANGA BRIDGE,BIHAR
81,GANGA RIVER NEAR DANaNPUR (NEAR PIPAPUL),BIHAR
82,GANGA RIVER AT BARH,BIHAR
83,GANGA AT U/S MUNGER (NEAR INTAKE WELL ON GANGA),BIHAR
84,GANGA AT U/S SULTANGANJ,BIHAR
85,GANGA AT U/S BHAGALPUR,BIHAR
86,"GANGA AT MALSALAMI, PATNaN",BIHAR
87,GANGA RIVER AT BARAHIA,BIHAR
88,GANGA AT BAHARAMPORE WEST BENGAL,WEST BENGAL
89,"NaNBADIP ON GANGA,GHOSHPARA NEAR MONIPURGHAT",WEST BENGAL
90,"TRIBENI ON GANGA, NEAR BURNING GHAT",WEST BENGAL
91,"GANGA AT PALTA, WEST BENGAL",WEST BENGAL
92,"GANGA AT SERAMPORE, WEST BENGAL",WEST BENGAL
93,"GANGA AT DAKSHMINESWAR, WEST BENGAL",WEST BENGAL
94,"GANGA AT HOWRAH-SHIVPUR, WEST BENGAL",WEST BENGAL
95,"GANGA AT GARDEN REACH, WEST BENGAL",WEST BENGAL
96,"GANGA AT ULUBERIA, WEST BENGAL",WEST BENGAL
97,"GANGA AT DIAMOND HARBOUR, WEST BENGAL",WEST BENGAL
98,"BRAHAMPUTRA AT KHERGHAT (AFTER CONFL. WITH DIBANG & DIHANG),ASSAM",ASSAM
99,"BRAHAMPUTRA AT DIBRUGARH, ASSAM",ASSAM
100,"BRAHAMPUTRA AT NIMATIGHAT, ASSAM",ASSAM
101,"BRAHMPUTRA RIVER AT DHENUKHAPAHAR, ASSAM",ASSAM
102,"BRAHAMPUTRA AT PANDU, ASSAM",ASSAM
103,"BRAHAMPUTRA AT JOGIJHOGA NEAR BRIDGE, ASSAM",ASSAM
104,"BRAHMPUTRA RIVER NEAR WATER INTAKE POINT AT KACHARIGHAT, PANBAZAR, GUWAHATI, ASSAM",ASSAM
105,"BRAHMAPUTRA RIVER AT CHANDRAPUR, GUWAHATI",ASSAM
106,"BRAHMPUTRA RIVER AT SUALKUCHI, DIST. KAMRUP, ASSAM",ASSAM
107,BRAHMAPUTRA RIVER AT DHUBRI,ASSAM
108,"KRISHNaN AT MAHABALESHWAR DHOM DAM NEAR KOINaN DAM,MAHARASHTRA",MAHARASHTRA
110,"KRISHNaN AT KRISHNaN BRIDGE, KARAD, MAHARASHTRA",MAHARASHTRA
111,KRISHNaN D/S OF ISLAMPUR,MAHARASHTRA
113,"KRISHNaN AT KURUNDWAD IN KOLHAPUR,MAHARASHTRA",MAHARASHTRA
114,KRISHNaN RIVER AT KSHETRA MAHULI.,MAHARASHTRA
115,KRISHNaN RIVER AT KRISHNaN-VENNaN SANGAM AT MAHULI.,MAHARASHTRA
116,KRISHNaN RIVER AT WAI.,MAHARASHTRA
117,"KRISHNaN AT U/S OF UGARKHURD BARRAGE,KARNaNTAKA",KARNaNTAKA
118,KRISHNaN - ANKALI BRIDGE ALONG CHIKKODI KAGWAD ROAD,KARNaNTAKA
119,"KRISHNaN AT D/S OF NaNRAYANPURA DAM,KARNaNTAKA",KARNaNTAKA
120,"KRISHNaN AT D/S OF DEVASAGAR BDG.,KARNaNTAKA",KARNaNTAKA
121,"KRISHNaN AT TINTINI BRIDGE, KARNaNTAKA",KARNaNTAKA
122,"KRISHNaN AT D/S OF ALAMATTI DAM, KARNaNTAKA",KARNaNTAKA
124,"KRISHNaN AFTER CONFL. WITH TUNGABHADRA, SANGAMESHWARAM A.P.",ANDHRA PRADESH
126,"KRISHNaN AT WADAPALLY AFTER CONFL. WITH R. MUSI, A.P.(SHIFTED FROM 1220)",ANDHRA PRADESH
127,"VEDADRI , GUNTUR DIST., A.P",ANDHRA PRADESH
128,"AMARAVATI , GUNTUR DIST., A.P",ANDHRA PRADESH
129,"KRISHNaN AT VIJAYWADA, A.P.",ANDHRA PRADESH
130,"KRISHNaN D/S OF SRISHAILAM,��KURNOOL, A.P.",ANDHRA PRADESH
131,"HAMSALA DEEVI , GUNTUR DIST, A.P",ANDHRA PRADESH
134,"YAMUNaN , U/S PAONTA SAHIB, H.P",HIMACHAL PRADESH
135,"YAMUNaN , D/S PAONTA SAHIB, H.P",HIMACHAL PRADESH
139,"YAMUNaN AT KESIGHAT, VRINDAVAN",UTTAR PRADESH
140,"YAMUNaN AT VISHRAMGHAT, MATHURA",UTTAR PRADESH
141,YAMUNaN AT SHAHPUR,UTTAR PRADESH
142,"YAMUNaN AT ALLAHABAD D/S (BALUA GHAT), U.P",UTTAR PRADESH
144,YAGACHI RIVER NEAR PUMPING STATION. HASSAN CITY,KARNaNTAKA
145,HEMAVATI AT D/S OF HOLENaNRASIPURA TOWN AT RAMADEVALA WEIR,KARNaNTAKA
147,"SHIMSHA AT D/S OF BRIDGE, HALAGUR, KARNaNTAKA",KARNaNTAKA
148,"ARKAVATHI AT D/S OF KANaNKAPURA TOWN, KARNaNTAKA",KARNaNTAKA
149,"ARKAVATHI AT T.G. HALLI RESERVOIR, , KARNaNTAKA",KARNaNTAKA
150,"LAKSHMANTIRTHA��AT D/S OF HUNSUR TOWN, KARNaNTAKA",KARNaNTAKA
151,"LAKSHMANTIRTHA��AT D/S OF KATTEMALAVADI, KARNaNTAKA",KARNaNTAKA
152,"KABBANI AT MUTHANKARA, KERALA",KERALA
153,"KABBANI AT SARAGUR VILLAGE D/S, KARNaNTAKA",KARNaNTAKA
154,"KABBANI AT CAUSE WAY��SATTUR, KARNaNTAKA",KARNaNTAKA
155,"KABBANI AT WATER INTAKE OF KIADB AT NaNJANGUD,KARNaNTAKA",KARNaNTAKA
156,"KABINI AT BATHING GHAT, NaNJANaNGUD, KARNaNTAKA",KARNaNTAKA
157,"BHAVANI AT ELACHIVAZHY, KERALA",KERALA
158,"BHAVANI AT PATHIRAKALIAMMAN KOIL, TAMILNaNDU",TAMILNaNDU
159,"BHAVANI AT SIRUMUGAI,TAMILNaNDU",TAMILNaNDU
160,"BHAVANI AT BHAVANI SAGAR, TAMILNaNDU",TAMILNaNDU
161,"BHAVANI AT BHAVANI, TAMILNaNDU",TAMILNaNDU
162,"BHAVANI AT D/S OF BHAVANISAGAR, SATHYAMANGALAM, ERODE, TAMILNaNDU",TAMILNaNDU
163,"U/S OF KALINGARAYAN CANaNL (B5), ERODE, TAMILNaNDU",TAMILNaNDU
164,"D/S OF KALINGARAYAN CANaNL (B10), ERODE, TAMILNaNDU",TAMILNaNDU
165,"TONS RIVER, H.P",HIMACHAL PRADESH
166,ASHWANI AT U/S YASHWANT NaNGAR,HIMACHAL PRADESH
167,BATTA AT U/S PAONTA,HIMACHAL PRADESH
168,BATTA BEFORE CONFLUENCE TO YAMUNaN,HIMACHAL PRADESH
169,GIRI AT D/S YASHWANT NaNGAR,HIMACHAL PRADESH
170,GIRI AT U/S CCI MINES,HIMACHAL PRADESH
171,GIRI D/S SATAUN,HIMACHAL PRADESH
172,PABBAR AT U/S DHAMBARI,HIMACHAL PRADESH
173,PABBAR AT U/S ROHRU,HIMACHAL PRADESH
174,PABBAR AT D/S SWARAKUDDU,HIMACHAL PRADESH
176,"HINDON AT GHAZIABAD D/S, U.P.",UTTAR PRADESH
177,"HINDON AT SAHARANPUR D/S, U.P.",UTTAR PRADESH
178,"TONS AT CHAKGHAT, M.P.",MADHYA PRADESH
181,"BETWA AT GOVIND SAGAR, U.P",UTTAR PRADESH
182,"BETWA BEFORE CONF. YAMUNaN AT HAMIRPUR, U.P.",UTTAR PRADESH
185,"CHAMBAL ENTERING IN RAJASTHAN AT GANDHI SAGAR DAM, KOTA, RAJASTHAN",RAJASTHAN
187,"CHAMBAL AT KOTA U/S (INTAKE PT. NEAR BARRAGE), RAJASTHAN",RAJASTHAN
188,"CHAMBAL AT KOTA D/S (2 KM. FROM CITY),RAJASTHAN",RAJASTHAN
189,"CHAMBAL AT RAMESHWARGHAT NR. SAWAIMADHOPUR, RAJASTHAN",RAJASTHAN
193,"PARVATI BEFORE MEETING RIVER CHAMBAL AT KHATOLI, KOTA, RAJASTHAN",RAJASTHAN
195,KHAN AT KABIT KHEDI (NEAR INDORE) M.P.,MADHYA PRADESH
199,"KALI SINDH AT ANICUT OF M/S CFCL GADEPAN, KOTA, RAJASTHAN",RAJASTHAN
200,"KALI SINDH AT BAROD ROAD BRIDGE, KOTA, RAJASTHAN",RAJASTHAN
202,"BICHIA, BRIDGE GOVINDGARH ROAD",MADHYA PRADESH
206,"BANaNS AT DHANaNRI DAM, NEAR SWAROOPGANJ, SIROHI, RAJASTHAN",RAJASTHAN
208,"BANaNS AT NEAR NEWTA DAM, JAIPUR, RAJASTHAN",RAJASTHAN
210,"UJAD AT UPSTREAM OF BHIM SAGAR DAM, JHALAWAR, RAJASTHAN",RAJASTHAN
211,TEESTA AT SILIGURI,WEST BENGAL
212,"KUNDLI RIVER AT KUNDLI/ SAPAKHOWA, SADIA.",ASSAM
213,DIKHOW RIVER AT DIKHOW BRIDGE SIVASAGAR,ASSAM
214,"KOHORA RIVER AT N.H. CROSSING, KOHORA",ASSAM
215,"BOGINaNDI NEAR BRIDGE NH-52, LAKHIMPUR",ASSAM
216,RANGA NaNDI D/S OF HYDEL PROJECT,ASSAM
217,"KAPILI RIVER AT DHARMTUL BRIDGE, NH-31, NaNGAON",ASSAM
218,BEKI RIVER AT NH-37 CROSSING AT BARPETA ROAD,ASSAM
219,"SANKOSH RIVER, DHUBRI",ASSAM
220,BARAK RIVER AT D/S OF SILCHAR,ASSAM
221,SONaNI RIVER AT SONaNI,ASSAM
222,KUSHIARA RIVER AT KARIMGANJ,ASSAM
223,"KAROLA, D/S OF JALPAIGURI, NEAR MIN BHAWAN",WEST BENGAL
224,"KALJANI D/S OF ALIPURDWAR, MUNICIPALITY DISCHARGE POINT�",WEST BENGAL
225,"PANCHNaNI RIVER AT NH-52 CROSSING, ORANG",ASSAM
233,"RAMGANGA AT KANNaNUJ (BEFORE CONF.),U.P",UTTAR PRADESH
235,"KALINaNDI AT KANNaNUJ (BEFORE CONF.),U.P",UTTAR PRADESH
236,"VARUNaN AT RAMESHWAR, VARANaNSI",UTTAR PRADESH
237,VARUNaN B/C WITH RIVER GANGA AT VARANaNSI,UTTAR PRADESH
1067,"SAL AT KHAREBAND, MARGAO",GOA
238,"SAI AT UNNaNO AFTER DRAIN OUTFALL, U.P.",UTTAR PRADESH
239,"SAI AT JALALPUR, JAUNPUR",UTTAR PRADESH
240,"GOMTI AT SITAPUR U/S AT WATER INTAKE, U.P.",UTTAR PRADESH
241,"GOMTI AT LUCKNOW U/S AT WATER INTAKE POINT,U.P.",UTTAR PRADESH
242,"GOMTI AT LUCKNOW D/S, U.P.",UTTAR PRADESH
243,"GOMTI AT JAUNPUR D/S, U.P.",UTTAR PRADESH
244,"GOMTI AT VARANaNSI, U.P",UTTAR PRADESH
245,"RAPTI AT RAJGHAT, GORAKHPUR",UTTAR PRADESH
246,"RAPTI AFTER CONFL. OF R. HONIN NR. DOMINGARH RLY BRIDGE, GORAKHPUR, U.P.",UTTAR PRADESH
247,"SARYU AT AYODHYA AT MAIN BATHING GHAT, U.P.",UTTAR PRADESH
248,"GHAGHARA AT DEORIA D/S, U.P.",UTTAR PRADESH
249,"GHAGHRA AT BARHALGANJ, GORAKHPUR",UTTAR PRADESH
250,"GHAGHARA NEAR CHAPRA, BIHAR",BIHAR
251,"RIHAND AT RENUKUT U/S, U.P.",UTTAR PRADESH
252,"RIHAND AT RENUKUT D/S, U.P.",UTTAR PRADESH
253,"SONE AT KOELWAR, BIHAR",BIHAR
254,SONE RIVER NEAR BANZARI,BIHAR
255,SONE RIVER AT BAHIYARA,BIHAR
256,SONE RIVER AT NaNSIRIGANJ DAM,BIHAR
257,"GANDAK AT SONEPUR, PATNaN (BEFORE CONFL.),BIHAR",BIHAR
258,"GANDAK AT REWAGHAT, MUJAFFARPUR",BIHAR
259,GANDAK ATSAMASTIPUR ROAD BRIDGE,BIHAR
260,GANDAK RIVER U/S ROAD BRIDGE MUZAFFARPUR (NH),BIHAR
261,GANDAK RIVER GOPALGANJ - PIPRAKOTHI ROAD BRIDGE (DUMARIA GHAT),BIHAR
262,"SIKRAHNaN RIVER AT LAL PARSE, BITTIAH",BIHAR
263,SIKRANaN AT CHANPATIYA,BIHAR
264,SIKRAHNaN RIVER AT LAURIA - HARINaNGAR ROAD BRIDGE,BIHAR
265,"BURHI GANDAK AT AKHARAGHAT, MUZAFFARPUR",BIHAR
266,HARBORA RIVER AT NaNRKATIAGANJ,BIHAR
267,U/S HARBORA RIVER,BIHAR
268,KAMALA RIVER AT BENIPATTI (MADHUBANI),BIHAR
269,KAMALA RIVER AT DARBHANGA,BIHAR
270,KAMALA RIVER AT JAYNaNGAR,BIHAR
271,"MANUSMAR RIVER AT RIGA, SITAMARHI",BIHAR
272,KOSHI RIVER AT KURSHELA AT KATIHAR,BIHAR
273,KOSHI RIVER AT MADHEPURA,BIHAR
274,KOSHI RIVER AT BEERPUR,BIHAR
275,DAHA AT SIWAM,BIHAR
276,D/S DAHA RIVER AT SASAMUSA,BIHAR
277,"DAHA RIVER AT ITWA BRIDGE, SIWAN",BIHAR
278,DAHA RIVER AT MEERGANJ,BIHAR
279,DHOUS AT MADHUBANI,BIHAR
280,FARMAR AT JOGBANI,BIHAR
281,RAM REKHA RIVER AT HARINaNGAR,BIHAR
282,RAM REKHA RIVER AT U/S HARINaNGAR,BIHAR
283,SIRSA AT RUXOL,BIHAR
284,BAGMATI RIVER AT MUZAFFARPUR - SITAMARHI ROAD BRIDGE,BIHAR
285,BAGMATI RIVER AT DARBHANGA - SAMASTIPUR ROAD BRIDGE,BIHAR
287,PUNPUN RIVER NEAR PUNPUN RAIL BRIDGE,BIHAR
288,PUNPUN RIVER NEAR KINZER ROAD BRIDGE,BIHAR
289,SIRSIA RIVER D/S RAXAUL (KOERIA TOLA),BIHAR
290,"GHAGGAR AT MUBARAKPUR REST HOUSE (PATIALA), PUNJAB",PUNJAB
291,"GHAGGAR AT 100M D/S CONF. WITH R. SARASWATI (PATIALA),PUNJAB",PUNJAB
292,"GHAGGAR NEAR BANKARPUR,DERA BASSI,PUNJAB",PUNJAB
293,"GHAGGAR AT RATANHERI, D/S OF PATIALA NaNDI (AFTER CONFL.), PUNJAB",PUNJAB
294,"D/S CHHATBIR, PUNJAB",PUNJAB
295,"U/S DHAKANSU NaNLLAH, PUNJAB",PUNJAB
296,"D/S DHAKANSU NaNLLAH, PUNJAB",PUNJAB
297,"D/S JHARMAL NaNDI, PUNJAB",PUNJAB
298,"U/S JHARMAL NaNDI, PUNJAB",PUNJAB
299,"GHAGGER AT MOONaNK, PUNJAB",PUNJAB
300,"D/S SARDULGARH, PUNJAB",PUNJAB
301,"U/S SARDULGARH, PUNJAB",PUNJAB
302,"GAGGAR RIVER WHEN ENTERING IN RAJASTHAN FROM HARYANaN NEAR RD NO. 629, RAJASTHAN",RAJASTHAN
303,"RIVER MARKANDA AT PAONTA, DISTT. SIRMOUR, H.P.",HIMACHAL PRADESH
304,MARKANDA U/S KALA AMB,HIMACHAL PRADESH
305,MARKANDA D/S KALA AMB/ BOUNDARY OF HARYANaN,HIMACHAL PRADESH
306,"RIVER SUKHANaN AT PARWANOO, DISTT. SOLAN, H.P.",HIMACHAL PRADESH
307,"RIVER JAWAI AT JAWAI DAM, SIROHI, RAJASTHAN",RAJASTHAN
308,"KODRA DAM, MOUNT ABU, RAJASTHAN",RAJASTHAN
309,"RIVER BANDI AT HEMAWAS DAM, PALI, RAJASTHAN",RAJASTHAN
310,"RIVER LUNI AT RANaNKPUR DAM, RANaNKPUR, PALI, RAJASTHAN",RAJASTHAN
311,"AMBA RIVER AT D/S OF WAKEN BRIDGE-U/S OF JS PETROCHEMICALS, WAKENPHATA, ROHA",MAHARASHTRA
312,"BHATSA AT D/S OF PISE DAM NEAR PISE VILLAGE (ULHAS), MAHARASHTRA",MAHARASHTRA
313,"BHATSA RIVER AT D/S OF LIBERTY OIL MILLS, SATNEL, SHAHAPUR, THANE",MAHARASHTRA
314,"BHATSA RIVER AT U/S OF LIBERTY OIL MILLS, SATNEL, SHAHAPUR, THANE",MAHARASHTRA
315,"KALU AT ATALE VILLAGE, MAHARASHTRA",MAHARASHTRA
316,"KAN RIVER, NEAR SAKRI WATER WORKS, SAKRI, DHULE.",MAHARASHTRA
317,"KUNDALIKA AT ROHA CITY, MAHARASHTRA",MAHARASHTRA
318,KUNDALIKA RIVER AT ARE KHURD ( SALINE ZONE ),MAHARASHTRA
319,"KUNDALIKA RIVER NEAR SALAV BRIDGE (SALINaN ZONE), SALAV, ROHA, RAIGAD",MAHARASHTRA
320,"KUNDALIKA RIVER AT DHATAV AT JACKWELL (DRINKING WATER��PUMPING STATION-SWEET ZONE), ROHA",MAHARASHTRA
321,MITHI RIVER,MAHARASHTRA
323,"PATALGANGA AT SHILPHATA, MAHARASHTRA",MAHARASHTRA
324,"PATALGANGA NEAR INTAKE OF MIDC W/W, MAHARASHTRA",MAHARASHTRA
325,"PATALGANGA RIVER AT D/S OF KHARPADA BRIDGE, RAIGAD.",MAHARASHTRA
326,"PATALGANGA RIVER AT VYAL PUMP HOUSE , KHALAPUR, RAIGAD.",MAHARASHTRA
327,"PATALGANGA RIVER AT KHALAPUR PUMPING STATION, KHALAPUR, RAIGAD.",MAHARASHTRA
328,"PATALGANGA RIVER AT SAVROLI BRIDGE, KHALAPUR, RAIGAD.",MAHARASHTRA
329,"PATALGANGA RIVER AT GAGANGIRI MAHARAJ TEMPLE, KHOPOLI, RAIGAD.",MAHARASHTRA
330,"PEHLAR DAM ON PEHLAR RIVER INLET OF WATER WORKS, VASAI, THANE.",MAHARASHTRA
336,"SURYA RIVER, U/S OF SURYA DAM, DHAMMI, VIKRAMGAD, THANE",MAHARASHTRA
337,"SURYA RIVER AT MIDC PUMPING STATION, GARVASHET, PALGHAR, THANE",MAHARASHTRA
338,"SURYA RIVER AT INTAKE OF VASAI-VIRAR W/S SCHEME, MASVAN, PALGHAR, THANE",MAHARASHTRA
339,"TANSA RIVER NEAR ROAD BRIDGE, VILLAGE DAKEWALI, WADA, THANE",MAHARASHTRA
1068,"SAL AT ORLIM BRIDGE, ORLIM",GOA
340,"ULHAS AT U/S OF NRC BUND AT MOHANE, MAHARASHTRA",MAHARASHTRA
341,"ULHAS AT U/S OF BADLAPUR, MAHARASHTRA",MAHARASHTRA
342,ULHAS RIVER ATJAMBHUL WATER WORKS.,MAHARASHTRA
343,"VAITARNaN RIVER NEAR ROAD BRIDGE, GANDHARE VILLAGE, WADA, THANE.",MAHARASHTRA
351,"BHIMA AT PUNE U/S VITHALWADI, MAHARASHTRA",MAHARASHTRA
352,"BHIMA RIVER AT KOREGAON NEAR KOREGAON BRIDGE, SHIRUR, PUNE",MAHARASHTRA
353,"BHIMA RIVER-BACKWATER OF UJANI DAM NEAR RAW WATER PUMP HOUSE, KUMBARGAON, INDAPUR, PUNE",MAHARASHTRA
354,"BHIMA AT PUNE, D/S OF BUNDGARDEN,MAHARASHTRA",MAHARASHTRA
355,BHIMA AT PARGAON (AFTER CONFL.WITH MULE MARTHA) MAHARASHTRA.,MAHARASHTRA
356,"BHIMA AFTER CONF. WITH DAUNT, MAHARASHTRA",MAHARASHTRA
357,"BHIMA AT NaNRSINGHPUR,(D/S AF.CONFL.WITH R.NIRA),MAHARASHTRA",MAHARASHTRA
358,"BHIMA AT TAKLI, MAHARASHTRA",MAHARASHTRA
359,"BHIMA AT D/S OF ROAD BRIDGE AT GANGAPUR VILLAGE,KARNaNTAKA",KARNaNTAKA
360,"BHIMA AT FEROZABAD VILLAGE (D/S), KARNaNTAKA",KARNaNTAKA
361,"BHIMA AT D/S OF BDG. NEAR YADGIR,KARNaNTAKA",KARNaNTAKA
362,BHIMA RIVER AT CONFLUENCE OF JEWARGI TOWN SEWAGE DISPOSAL POINT,KARNaNTAKA
363,"ZUARI AT D/S OF PT. WHERE KUMBARJRIA CANaNL JOINS, GOA",GOA
364,ZUARI AT PANCHAWADI,GOA
365,RIVER ZUARI AT BORIM BRIDGE,GOA
366,RIVER ZUARI AT MARCAIM JETTY,GOA
367,"MANDOVI AT NEGHBOURHOOD OF PANaNJI, GOA",GOA
368,"MANDOVI AT TONCA, MARCELA, GOA",GOA
369,RIVER MANDOVI AT AMONaN BRIDGE,GOA
370,RIVER MANDOVI AT IFFI JETTY,GOA
371,RIVER MANDOVI NEAR HOTEL MARRIOT,GOA
372,"RIVER KALNaN AT CHANDEL- PERNEM, GOA",GOA
373,"RIVER ASSONORA AT ASSONORA, GOA",GOA
374,"RIVER BICHOLIM VARAZAN NaNGAR , BICHOLIM",GOA
375,"RIVER CHAPORA NEAR ALORNaN FORT ,PERNEM",GOA
376,RIVER CHAPORA AT SIOLIM,GOA
377,"RIVER KHANDEPAR AT OPA - PONDA, GOA",GOA
378,"RIVER KHANDEPAR AT CODLI NEAR BRIDGE ,U/S OPA WATERWORKS,SANGUEM",GOA
379,"RIVER KUSHAWATI NEAR BUND AT KEVONaN,RIVON,SANGUEM",GOA
380,"RIVER MADAI AT DABOS -��VALPOI, GOA",GOA
381,RIVER MAPUSA ON CULVERT ON HIGHWAY MAPUSA-PANaNJI,GOA
382,"RIVER SAL PAZORKHONI,CUNCOLIM(NEAR CULVERT MARGAO- CANaNCONaN NaNTIONaNL HIGHWAY)",GOA
383,"RIVER SAL NEAR HOTEL LEELA MOBOR,CAVELOSSIM",GOA
384,"RIVER SAL AT KHAREBAND, MARGAO",GOA
385,"RIVER SAL AT ORLIM BRIDGE, ORLIM",GOA
386,RIVER SINQUERIM (CANDOLIM SIDE NEAR BRIDGE),GOA
387,RIVER SINQUERIM NEAR NERUL TEMPLE,GOA
388,"RIVER TALPONaN AT CANaNCONaN, GOA",GOA
389,RIVER TIRACOL AT TIRACOL,GOA
390,"RIVER VALVANT AT SANKLI - BICHOLIM, GOA",GOA
393,"MANJRA RIVER AT D/S OF LATUR, NEAR LATUR- NaNDED BRIDGE AT BHATKHEDA, LATUR.",MAHARASHTRA
394,RIVER MANJEERA AT GOWDICHARLA B/C WITH NaNKKAVAGU,ANDHRA PRADESH
395,RIVER MANJEERA AT GOWDICHARLA A/C WITH NaNKKAVAGU,ANDHRA PRADESH
396,"MANJEERA RIVER - NEAR GANaNPATHI SUGARS , MEDAK DIST., A.P",ANDHRA PRADESH
397,"MANJERA AT RAIPALLU, A.P.",ANDHRA PRADESH
398,MANJRA AT D/S IN INTAKE POINT TO BIDAR CITY,KARNaNTAKA
401,"WARDHA RIVER AT D/S OF ERAI RIVER, HADASTI, CHANDRAPUR.",MAHARASHTRA
402,"WARDHA RIVER AT U/S OF ERAI RIVER, HADASTI, CHANDRAPUR.",MAHARASHTRA
403,"WARDHA RIVER AT U/S OF ACC GHUGGUS, CHANDRAPUR.",MAHARASHTRA
404,WARDHA RIVER D/S OF ACC GHUGGUS.,MAHARASHTRA
405,WARDHA RIVER AT CONFLUENCE POINT OF PENGANGA & WARDHA AT JUAD.,MAHARASHTRA
406,"WARDHA AT RAJURA BRIDGE, MAHARASHTRA",MAHARASHTRA
407,"WAINGANGA AT BALAGHAT, M.P.",MADHYA PRADESH
408,"WAINGANGA AT CHINDWARA, M.P.",MADHYA PRADESH
409,"WAINGANGA AT CHHAPARA, NEAR W/S INTAKE POINT, JABALPUR",MADHYA PRADESH
410,WAINGANGA AFTER CONLUENCE WITH KANHAN,MAHARASHTRA
411,WAINGANGA RIVER U/S OF ELLORA PAPER MILL.,MAHARASHTRA
412,WAINGANGA RIVER D/S OF ELLORA PAPER MILL.,MAHARASHTRA
413,"WAINGANGA U/S OF GAURAV PAPER MILLS, NEAR JACKWELL.",MAHARASHTRA
414,"WAINGANGA D/S OF GAURAV PAPER MILLS, NEAR JACKWELL.",MAHARASHTRA
415,"WAINGANGA AT ASHTI, MAHARASHTRA",MAHARASHTRA
416,KOLAR BEFORE CONFLUENCE TO KANHAN AT KAMPTEE,MAHARASHTRA
417,"KANHAN AT CHINDWARA BEFORE MIXING BOREGAON GROWTH CENTRE NaNLLA, JABALPUR",MADHYA PRADESH
418,KANHAN D/S OF NaNGPUR,MAHARASHTRA
419,"KANHAN RIVER U/S OF M/S VIDHARBHA PAPER MILL, SINORA.",MAHARASHTRA
420,"KANHAN RIVER D/S OF M/S VIDHARBHA PAPER MILL, SINORA.",MAHARASHTRA
421,PURNaN AT DHUPESHWAR,MAHARASHTRA
422,"PURNaN RIVER NEAR ACHALPUR-AMRAVATI ROAD BRIDGE, ASEGAON, CHANDUR BAZAR, AMRAVATI",MAHARASHTRA
423,"NIRA AT PULGAON COTTON MILL, WARDHA, MAHARASHTRA",MAHARASHTRA
424,"KINNERASANI A/C OF KTPS ASH POND EFFLUENTS, KHAMMAM",ANDHRA PRADESH
426,"BINDUSARA RIVER AT BEED NEAR INTAKE WATER PUMP HOUSE AT DAM, PALIGAON, BEED",MAHARASHTRA
427,"DARNaN RIVER AT CHEHEDI PUMPING STATION, NaNSHIK.",MAHARASHTRA
428,"DARNaN RIVER AT ASWALI ( DARNaN DAM), IGATPURI, NaNSHIK",MAHARASHTRA
429,"DARNaN RIVER AT MES SITE PUMPING STATION, BHAGUR, NaNSHIK.",MAHARASHTRA
430,"DARNaN RIVER AT BHAGUR PUMPING STATION NEAR PANDHURLI BRIDGE, BHAGUR, NaNSHIK.",MAHARASHTRA
431,"DARNaN RIVER AT SANSARI, NaNSHIK.",MAHARASHTRA
432,"PENGANGA RIVER NEAR WATER SUPPLY SCHEME OF UMARKHED MC BELKHED, UMARKHED, YAVATMAL",MAHARASHTRA
433,"PENGANGA RIVER D/S OF ISAPUR DAM, ISAPUR, PUSAD, YAVATMAL",MAHARASHTRA
434,"PENGANGA RIVER AT MEHKAR-BULDANaN ROAD BRIDGE, MEHKAR, BULDANaN",MAHARASHTRA
435,"WENaN RIVER��AT U/S OF MOHATA MILLS, NEAR RAILWAY BRIDGE, HINGANGHAT",MAHARASHTRA
436,"WENaN RIVER AT D/S OF MOHATA MILLS, NR RD BRG ON HINGANGHAT-WADNER ROAD",MAHARASHTRA
437,"GHATPRABHA AT D/S OF MUDHOL RD. CROSS BDG., KARNaNTAKA",KARNaNTAKA
438,"GHATPRABHA AT W.A. POINT TO GOKAK TOWN,KARNaNTAKA",KARNaNTAKA
439,"MALPRABHA AT D/S OF KHANaNPUR VILLAGE,KARNaNTAKA",KARNaNTAKA
440,"MALPRABHA AT WATER ABSTR. PT. TO HUBLI,DHARWAR,KARNaNTAKA",KARNaNTAKA
441,"MALPRABHA AT D/S OF AIHOLE TOWN, KARNaNTAKA",KARNaNTAKA
442,"MALPRABHA AT BADAMI BRIDGE, KARNaNTAKA",KARNaNTAKA
443,"TUNGHABHADRA AT HONNaNLI BRIDGE, KARNaNTAKA",KARNaNTAKA
444,"TUNGHABHADRA AT HARALAHALLI BRIDGE, KARNaNTAKA",KARNaNTAKA
445,"TUNGHABHADRA AT ULLANUR, KARNaNTAKA",KARNaNTAKA
446,"TUNGABHADRA AT D/S OF HPF, KARNaNTAKA",KARNaNTAKA
447,"TUNGABHADRA AT JACKWELL POINT, KARNaNTAKA",KARNaNTAKA
448,"TUNGABHADRA AT HARIHAR WATER SUPPLY INTAKE, KARNaNTAKA",KARNaNTAKA
449,"TUNGABHADRA AT D/S OF GANGAWATHI, KARNaNTAKA",KARNaNTAKA
450,"TUNGABHADRA AT NEW BRIDGE, KARNaNTAKA",KARNaNTAKA
451,"TUNGABHADRA AT U/S OF HPF, KARNaNTAKA",KARNaNTAKA
452,"TUNGHABHADRA AT KURNOOL U/S, BAVAPURAM, A.P.",ANDHRA PRADESH
453,"TUNGHABHADRA AT MANTHRALAYAM , KURNOOL DIST., A.P",ANDHRA PRADESH
454,"TUNGHA AT D/S OF SHIMOGA TOWN, KARNaNTAKA",KARNaNTAKA
455,CONFLUENCE POINT OF TUNGA AND BHADRA AT KUDLI,KARNaNTAKA
456,BHADRA AT MALLESWARAM D/S OF KIOCL KARNaNTAKA,KARNaNTAKA
457,"BHADRA AT D/S OF BHADRAVATHI, KARNaNTAKA",KARNaNTAKA
458,"BHADRA AT D/S OF KIOCL ROAD BRIDGE, NEAR HOLEHUNNUR,KARNaNTAKA",KARNaNTAKA
459,"BHADRA AT U/S OF MPM, KARNaNTAKA",KARNaNTAKA
460,"BHADRA AT U/S OF KIOCL, KARNaNTAKA",KARNaNTAKA
464,"RIVER MUSI RESERVOIR AT KASANIGUDA,��NaNLGONDA, A.P.",ANDHRA PRADESH
465,"PALLERU BEFORE CONFL. WITH KRISHNaN, JAGGAYYAPET, A.P.",ANDHRA PRADESH
466,"MUNERU BEFORE CONFL. WITH KRISHNaN, NaNDIGAMA, A.P.",ANDHRA PRADESH
467,KAGINaN D/S OF SEWAGE DISPOSAL POINT,KARNaNTAKA
468,"KAGINaN AT SHAHABAD BRIDGE, KARNaNTAKA",KARNaNTAKA
469,"RIVER NaNKKAVAGU, BACHUGUDEM,MEDAK",ANDHRA PRADESH
470,"RIVER KUNDU, NaNDYAL, NEAR OVER BDG., KURNOOL",ANDHRA PRADESH
471,"ASANGI NaNLLA AT ASANGI VILLAGE, KARNaNTAKA",KARNaNTAKA
472,"SALAULIM LAKE AT SALAULIM - SANGUEM, GOA",GOA
473,"MAYEM LAKE, BICHOLIM",GOA
474,ANJUNEM LAKE,GOA
475,RUMDER LAKE,GOA
476,CARAMBOLIM LAKE,GOA
477,RAIA LAKE,GOA
478,SAIPEM LAKE,GOA
479,CURTORIM LAKE,GOA
481,AHMEDABAD,GUJARAT
482,AHMEDABAD,GUJARAT
483,"AJWAH LAKE AT SARI SAYAJI SABVAR, BARODA",GUJARAT
484,"SURSAGAR LAKE AT BARODA, GUJARAT",GUJARAT
489,LAKHOTA TALAV,GUJARAT
490,NaNRSINHMEHTA TALAV,GUJARAT
499,"OLPAD, VILLAGE POND OLPAD, SURAT",GUJARAT
500,THOL TANK (KALOL) (DIST MEHSANaN),GUJARAT
501,"UPPER LAKE AT BHOPAL (INTAKE POINT), M.P.",MADHYA PRADESH
502,LOWER LAKE AT BHOPAL OUTLET M.P.,MADHYA PRADESH
503,MULTAI TANK LAKE AT VILLA. KHARI ON BETUL-AMRAVATI ROAD M.P.,MADHYA PRADESH
504,KHANDARI RESERVOIR WATER OFF TAKE POINT,MADHYA PRADESH
505,PERIAT TANK JABALPUR,MADHYA PRADESH
506,GOVINDGARH TANK,MADHYA PRADESH
507,"SHAHPURA LAKE AT WEIR NEAR AYUSHMAN HOSPITAL, BHOPAL",MADHYA PRADESH
508,UPPER LAKE AT YATCH CLUB,MADHYA PRADESH
509,UPPER LAKE AT KARBALA CLUB,MADHYA PRADESH
510,UPPER LAKE AT BAIRAGARH CLUB,MADHYA PRADESH
511,"KERWA DAM NEAR REST HOUSE, BPL",MADHYA PRADESH
512,JANUNIA TALAB NEAR W/S,MADHYA PRADESH
513,HANUMANTAL JABALPUR,MADHYA PRADESH
514,"RANITAL TALAB, JABALPUR",MADHYA PRADESH
515,MOTI TALAB AT BALAGHAT,MADHYA PRADESH
519,"PICHOLA LAKE AT UDAIPUR (WATER INTAKE POINT), RAJASTHAN",RAJASTHAN
520,UDAISAGAR LAKE AT UDAIPUR (INTAKE PT.) RAJASTHAN,RAJASTHAN
521,"PUSHKAR LAKE, RAJASTHAN",RAJASTHAN
522,"FATEH SAGAR LAKE AT UDAIPUR INTAKE POINT OF PHED,RAJASTHAN",RAJASTHAN
523,"KAYALANaN JHEEL JODHPUR, RAJASTHAN",RAJASTHAN
524,"NaNKKI LAKE, MT. ABU, RAJASTHAN",RAJASTHAN
525,"LAKE JET SAGAR, BUNDI, RAJASTHAN",RAJASTHAN
526,"JAISAMAND LAKE, ALWAR, RAJASTHAN",RAJASTHAN
527,"LAKE SILISERH, ALWAR, RAJASTHAN",RAJASTHAN
528,"LAKE RAJSAMAND, RAJSAMAND- POINT NO. 1, RAJSAMAND, RAJASTHAN",RAJASTHAN
529,"LAKE RAJSAMAND, RAJSAMAND- POINT NO. 2, RAJSAMAND, RAJASTHAN",RAJASTHAN
530,"GAPE- SAGAR LAKE, DUNGARPUR, RAJASTHAN",RAJASTHAN
531,"LAKE JAISAMAND, SALUMBER, UDAIPUR, POINT NO. 1, RAJASTHAN",RAJASTHAN
532,"LAKE JAISAMAND, SALUMBER, UDAIPUR, POINT NO. 2, RAJASTHAN",RAJASTHAN
533,"LODHA TALAB, BANSWARA- DUNGARPUR ROAD, BANSWARA, RAJASTHAN",RAJASTHAN
534,"JALMAHAL, JAIPUR, RAJASTHAN",RAJASTHAN
600,"ACHENKOIL AT THUMPAMON, KERALA",KERALA
601,"ACHENKOIL AT CHENNITHULA, KERALA",KERALA
602,"ACHENKOIL AT KALLARAKADAVU, PATHANaNMTHITTA",KERALA
603,"ACHENKOIL AT PANDALAM (NEAR AYYAPPA TEMPLE), PATHANaNMTHITTA",KERALA
604,R ANCHARAKANDY AT MERUVAMBA,KERALA
605,R ANCHARAKANDY AT MERUVAMBA,KERALA
606,R AYROOR AT AYROOR BRIDGE,KERALA
607,R BHARATHAPUZHA AT KUTTIPPURAM,KERALA
608,R BHARATHAPUZHA AT PATTAMBI,KERALA
609,"CHALAKUDY AT PULICKALKANaNDAVU, KERALA",KERALA
610,"CHALIYAR AT KOOLIMADU, KERALA",KERALA
611,"CHALIYAR AT CHUNGAPALLY, KERALA",KERALA
612,"CHALIYAR AT NILAMBUR, MALAPPURAM",KERALA
613,"CHANDRAGIRI AT PADIYATHADKA, KERALA",KERALA
614,"CHITRAPUZHA AT IRUMPANaNM, KERALA",KERALA
615,R CORAPUZHA AT KANaNYANKODE,KERALA
616,"R ITHIKKARA AT AYUR, KERALA",KERALA
617,R ITHIKKARA AT ITHIKKARA,KERALA
618,"R KADALUNDI AT THIRURANGADY, KERALA",KERALA
619,R KADALUNDI AT HAJIRAPPALLY,KERALA
620,R KADAMBAYAR AT BRAHMAPURAM,KERALA
621,R KADAMBAYAR AT MANCKAKADAVU,KERALA
622,"KALLADA AT PERUMTHOTTAMKADAVU, PUNaNLOOR, KERALA",KERALA
623,R KALLAI AT KALLAI BRIDGE,KERALA
624,"KALPATHI PUZHA AT KALPATHI, PALAKKAD",KERALA
625,KARAPUZHA DAM AT WAYANaND,KERALA
626,"R KARINGODE AT KAKKADAVU,  KERALA",KERALA
627,"KARAMANaN AT MOONNaNTTUMUKKU, KERALA",KERALA
628,"RIVER KARAMANaN AT ARUVIKARA, THIRUVANaNTHAPURAM",KERALA
629,R KARUVANNURR AT KARUVANNUR BRIDGE,KERALA
630,R KAVVAI AT KUTTIYOL PALAM,KERALA
631,R KEECHERI AT VADAKKANCHERY BRIDGE,KERALA
632,R KORAYAR AT KANJIKODE,KERALA
633,"R KUPPAM AT THALIPARAMBA, KERALA",KERALA
634,R KUPPAM AT RAYAROM,KERALA
635,"R KUTTIYADE AT KUTTIYADY ESTATE, KERALA",KERALA
636,"R MAHE AT VALAYAM, KERALA",KERALA
637,R MAMOM AT MAMOM BRIDGE,KERALA
638,"MANIMALA  AT KALLOOPARA, KERALA",KERALA
639,"MANIMALA AT THONDRA, KERALA",KERALA
640,"MANIYANKODE PUZHA AT MANIYANKODE BRIDGE, WAYANaND",KERALA
641,R MANJESWAR AT BAJRAKKARA BR.,KERALA
642,"MEENaNCHIL AT KIDANGOOR, KERALA",KERALA
643,R MOGRAL AT MOGRAL BR.,KERALA
644,"MUVATTAPUZHA AT VETTIKKATTUMUKKU, KERALA",KERALA
645,R NEELASWARAM AT NaNMBIARKAL DAM,KERALA
646,"R NEELESWARAM AT HOSDURG, KERALA",KERALA
647,"R NEYYAR AT AMARAVILA, KERALA",KERALA
648,R NEYYAR AT ARUVIPURAM,KERALA
649,R PALLICKAL AT NELLIMUKAL,KERALA
650,"PAMBA AT CHENGANNUR, KERALA",KERALA
651,"PAMBA AT THAKAZHY, KERALA",KERALA
652,"PAMBA DOWN, KERALA",KERALA
653,"PERIYAR NEAR ALWAYENaNELOOR, KERALA",KERALA
654,"PERIYAR AT KALADY, KERALA",KERALA
655,"PERIYAR AT SEWAGE DISCHARGE POINT, KERALA",KERALA
656,RIVER PERIYAR AT MUPPATHADAM,KERALA
657,RIVER PERIYAR AT PATHALAM,KERALA
658,R PERIYAR AT KALAMASSERY,KERALA
659,R PERIYAR AT PURAPPALLIKAVU,KERALA
660,"PERIYAR AT KWA INTAKENaN ALUVA, ERNaNKULAM",KERALA
661,R PERUVAMBA AT CHANDAPPURA,KERALA
662,R PULLUR AT PULLUR BR.,KERALA
663,R PUZHACKAL AT PUZHACKAL BRIDGE,KERALA
664,R RAMAPURAM AT RAMAPURAM BRIDGE,KERALA
665,R SHRIYA AT ANGADIMOGARU,KERALA
666,R THALLASSERY AT PATHIPPALAM,KERALA
667,R THIRUR AT THALAKKADATHUR BRIDGE,KERALA
668,R UPPALA AT  UPPALA BR.,KERALA
669,"RIVER VALAPATTANaNM AT PARASSINIKADAVU, KANNUR",KERALA
670,"VAMANaNPURAM, KERALA",KERALA
671,"NaNGAVALLI AT THOTAPALLI REGULATOR, A.P.",ANDHRA PRADESH
672,"RIVER VAMSHADHARA, KALINGAPATNaNM,VIZIANaNGARAM",ANDHRA PRADESH
673,"U/S OF KARAKAVAGU AT PALONCHA,  KHAMMAM, A.P.",ANDHRA PRADESH
674,"D/S OF KARAKAVAGU AT PALONCHA,  KHAMMAM, A.P.",ANDHRA PRADESH
675,"KALI AT D/S WEST COAST PAPER MILL, KARNaNTAKA",KARNaNTAKA
676,"KALI AT U/S OF WCPM, DANDELI, KARNaNTAKA",KARNaNTAKA
677,KUMARADHARA NaN U/S OF UPPINaNGADY TOWN BEFORE CONFLUENCE WITH RIVER NETHRAVATHI,KARNaNTAKA
678,NETRAVATHI U/S OF DHARMASTALA AT WATER SUPPLY INTAKE POINT,KARNaNTAKA
679,"BUDHABALANGA, D/S OF BARIPADA TOWN",ODISHA
680,BUDHABALANGA AT BALASORE D/S,ODISHA
681,"RIVER KERANDI(INTAKE WELL OF NaNLCO REFINaNRY, HAL, SUNaNBEDA)",ODISHA
682,"NaNGAVALLI AT PENTA U/S, JAYKAYPUR TOWN",ODISHA
683,"NaNGAVALLI AT JAYKAYPUR D/S, ODISHA",ODISHA
684,"NaNGAVALLI AT RAYAGADA D/S, ODISHA",ODISHA
685,"RUSHIKULYA AT GANJAM U/S, ODISHA",ODISHA
686,"RUSHIKULYA AT GANJAM D/S, ODISHA",ODISHA
687,VANSADHARA AT MUNIGUDA (D/S OF M/S VEDANTAALUMINaN PROJECT),ODISHA
688,VANSADHARA ATGUNUPUR (INTERSTATE BOUNDRY),ODISHA
694,"PALAR AT VANIYAMBADI WATER SUPPLY HEAD WORK, TAMILNaNDU",TAMILNaNDU
695,"TAMBIRAPARANI AT BDG.NR. MADURA COATS LTD.PAPAVINaNSAM,TAMILNaNDU",TAMILNaNDU
696,"TAMBIRAPARANI AT CHERANMADEVI,CAUSE WAY,TAMILNaNDU",TAMILNaNDU
697,"TAMBIRAPARANI AT TIRUNELVELI,COLLECTORATE,TAMILNaNDU.",TAMILNaNDU
698,"TAMBIRAPARANI AT MURAPPANaNDU, TAMILNaNDU",TAMILNaNDU
699,"TAMBIRAPARANI AT PAPPANKULAM,TAMILNaNDU",TAMILNaNDU
700,"TAMBIRAPARANI AT RAIL BDG. NR. AMBASAMUDAM, TAMILNaNDU",TAMILNaNDU
701,"TAMBIRAPARANI AT ARUMUGANERI, TAMILNaNDU",TAMILNaNDU
702,"TAMBIRAPARANI AT ERAL, THOTHUKUDI, TAMILNaNDU",TAMILNaNDU
703,"TAMBIRAPARANI AT KALLIDAI KURICHI, TIRUNELVELI, TAMILNaNDU",TAMILNaNDU
704,"TAMBIRAPARANI AT SRIVAIKUNTAM, D/S OF SK ANaNICUT, TIRUNELVELI, TAMILNaNDU",TAMILNaNDU
705,"TAMBIRAPARANI AT VELLAKOIL, TIRUNELVELI, TAMILNaNDU",TAMILNaNDU
706,"TAMBIRAPARANI AT SIVALAPERI, CONFLUENCE POINT OF KUTTRALAM FALLS, D/S OF PALAYAMKOTTAI, TIRUNELVELI, TAMILNaNDU",TAMILNaNDU
707,"VASISTA AT SALEM, D/S OF SAGO INDUSRIES EFFLUENT, TAMILNaNDU",TAMILNaNDU
733,"BUGI RIVER AT MIBANPARA, SOUTH GARO HILLS",MEGHALAYA
734,"BUGI RIVER AT DALU, SOUTH GARO HILLS",MEGHALAYA
735,"DAMRING RIVER (KRISHNEI RIVER) AT RESUBELPARA, EAST GARO HILLS",MEGHALAYA
736,"GANOL RIVER TURA, MEGHALAYA",MEGHALAYA
737,"KYRHUKHLA NEAR SUTNGA KHLIERIAT,JAINTIA HILLS DT.,MEGHALAYA",MEGHALAYA
738,"KYNSHI RIVER AT SOHIONG, WEST KHASI HILLS",MEGHALAYA
739,"KYNSHI RIVER AT NaNGKHNUM, WEST KHASI HILLS",MEGHALAYA
740,"KYNSHI RIVER AT RANIKOR, WEST KHASI HILLS",MEGHALAYA
741,LUKHA RIVER AT MYNDIHATI (TRIBUTARY OF LUNaNR),MEGHALAYA
742,LUKHA RIVER AT SUNaNPUR (TRIBUTARY OF LUNaNR),MEGHALAYA
743,"MANDA RIVER (DUDHAI RIVER) AT JAMPA, EAST GARO HILLS",MEGHALAYA
744,"MANDA RIVER (DUDHAI RIVER) AT WAGAISI, EAST GARO HILLS",MEGHALAYA
745,"MYNTANG RIVER AT NaNRTIANG, JAYANTIA HILLS",MEGHALAYA
746,"MYNTANG RIVER AT MYNSO, JAYANTIA HILLS",MEGHALAYA
747,"MYNTDU RIVER JOWAI, MEGHALAYA",MEGHALAYA
748,"MYNTDU RIVER AT LESHKA, JAYANTIA HILLS",MEGHALAYA
749,"NONBAH RIVER AT NaNGSTOIN MARKE, WEST KHASI HILLS",MEGHALAYA
750,"NONBAH RIVER AT NaNGSTOIN MARKE, WEST KHASI HILLS",MEGHALAYA
751,"RILANG RIVER AT MAWKYRWAT, WEST KHASI HILLS",MEGHALAYA
752,"SIMSANG RIVER WILLIAMNaNGAR, MEGHALAYA",MEGHALAYA
753,"UMIAM MAWPHLANG RIVER AT NONGKREM, EAST KHASI HILLS",MEGHALAYA
754,"UMIAM MAWPHLANG RIVER AT UMTYNGNGAR, EAST KHASI HILLS",MEGHALAYA
755,"UMIAM MAWPHLANG RIVER AT MAWPHLANG, EAST KHASI HILLS",MEGHALAYA
756,"UMIAM MAWPHLANG RIVER AT SHELLA, EAST KHASI HILLS",MEGHALAYA
757,UMKHEN AT WAHKDAIT,MEGHALAYA
758,UMKHEN AT KSEHPONGDENG,MEGHALAYA
759,"UMKHEN RIVER AT DIENGPASOH, EAST KHASI HILLS",MEGHALAYA
760,"UMKHRAH RIVER AT DEMTHRING, SHILLONG",MEGHALAYA
761,"UMKHRAH RIVER ATUMKALIAR, SHILLONG",MEGHALAYA
762,"UMKHRAH RIVER ATMAWLAI, SLAUGHTER",MEGHALAYA
763,"UMKHRAH RIVER AT MAWPDANG, MAWLAI",MEGHALAYA
764,"UMNGOT RIVER AT SMIT, EAST KHASI HILLS",MEGHALAYA
765,"UMNGOT RIVER AT DAWKI, EAST KHASI HILLS",MEGHALAYA
766,"UMSHYRPI RIVER AT RISA COLONY, EAST KHASI HILLS",MEGHALAYA
767,"UMSHYRPI RIVER AT LAW COLLEGE, DHANKETI, EAST KHASI HILLS",MEGHALAYA
768,"UMSHYRPI RIVER AT UMSHYRPI BRIDGE, EAST KHASI HILLS",MEGHALAYA
769,"UMTREW AT BYRNIHAT EAST, MEGHALAYA",MEGHALAYA
770,"UMTREW RIVER AT UMRAN, RINaN BHOI",MEGHALAYA
771,"WAH BLEI AT RIANGDO, WEST KHASI HILLS",MEGHALAYA
772,"WAH BLEI AT SHDADDKHAR, WEST KHASI HILLS",MEGHALAYA
774,TLAWNG DOWNSTREAM AIZAWL,MIZORAM
777,"GUMTI AT U/S SOUTH TRIPURA,TRIPURA",TRIPURA
778,"GUMTI AT D/S SOUTH TRIPURA, TRIPURA",TRIPURA
779,"CHANDRAPUR, AGARTALA D/S OF HAORA RIVER, TRIPURA",TRIPURA
781,"DAMANGANGA AT KACHIGAON U\S AT GIDC WIER,GUJARAT",GUJARAT
782,"DAMANGANGA AT KACHIGAON D\S (DAMAN), GUJARAT",GUJARAT
784,"AMLAKHADI AFTER CONFL. OF W. WATER FROM ANKLESH,GUJARAT",GUJARAT
786,"KOLAK AT PATALIA BDG., GUJARAT",GUJARAT
788,BALEHWAR KHADI AT N.H. NO 8,GUJARAT
790,"AMBIKA AT BILIMORA, GUJARAT",GUJARAT
793,KAVERI ON BRIDGE AT BILLIMORANaNVALSAD ROAD,GUJARAT
796,"ZUARI AT D/S OF PT. WHERE KUMBARJRIA CANaNL JOINS, GOA",GOA
797,ZUARI AT PANCHAWADI,GOA
798,RIVER ZUARI AT BORIM BRIDGE,GOA
799,RIVER ZUARI AT MARCAIM JETTY,GOA
800,"MANDOVI AT NEGHBOURHOOD OF PANaNJI, GOA",GOA
801,"MANDOVI AT TONCA, MARCELA, GOA",GOA
802,RIVER MANDOVI AT AMONaN BRIDGE,GOA
803,RIVER MANDOVI AT IFFI JETTY,GOA
804,RIVER MANDOVI NEAR HOTEL MARRIOT,GOA
805,"RIVER KALNaN AT CHANDELNaN PERNEM, GOA",GOA
806,"RIVER ASSONORA AT ASSONORA, GOA",GOA
807,"RIVER BICHOLIM VARAZAN NaNGAR , BICHOLIM",GOA
808,"RIVER CHAPORA NEAR ALORNaN FORT ,PERNEM",GOA
809,RIVER CHAPORA AT SIOLIM,GOA
810,"RIVER KHANDEPAR AT OPA NaN PONDA, GOA",GOA
811,"RIVER KHANDEPAR AT CODLI NEAR BRIDGE ,U/S OPA WATERWORKS,SANGUEM",GOA
812,"RIVER KUSHAWATI NEAR BUND AT KEVONaN,RIVON,SANGUEM",GOA
813,"RIVER MADAI AT DABOS NaN  VALPOI, GOA",GOA
814,RIVER MAPUSA ON CULVERT ON HIGHWAY MAPUSANaNPANaNJI,GOA
815,"RIVER SAL PAZORKHONI,CUNCOLIM(NEAR CULVERT MARGAONaN CANaNCONaN NaNTIONaNL HIGHWAY)",GOA
816,"RIVER SAL NEAR HOTEL LEELA MOBOR,CAVELOSSIM",GOA
817,"RIVER SAL AT KHAREBAND, MARGAO",GOA
818,"RIVER SAL AT ORLIM BRIDGE, ORLIM",GOA
819,RIVER SINQUERIM (CANDOLIM SIDE NEAR BRIDGE),GOA
820,RIVER SINQUERIM NEAR NERUL TEMPLE,GOA
821,"RIVER TALPONaN AT CANaNCONaN, GOA",GOA
822,RIVER TIRACOL AT TIRACOL,GOA
823,"RIVER VALVANT AT SANKLI NaN BICHOLIM, GOA",GOA
824,"AMBA RIVER AT D/S OF WAKEN BRIDGENaNU/S OF JS PETROCHEMICALS, WAKENPHATA, ROHA",MAHARASHTRA
825,"BHATSA AT D/S OF PISE DAM NEAR PISE VILLAGE (ULHAS), MAHARASHTRA",MAHARASHTRA
826,"BHATSA RIVER AT D/S OF LIBERTY OIL MILLS, SATNEL, SHAHAPUR, THANE",MAHARASHTRA
827,"BHATSA RIVER AT U/S OF LIBERTY OIL MILLS, SATNEL, SHAHAPUR, THANE",MAHARASHTRA
828,"KALU AT ATALE VILLAGE, MAHARASHTRA",MAHARASHTRA
829,"KAN RIVER, NEAR SAKRI WATER WORKS, SAKRI, DHULE.",MAHARASHTRA
830,"KUNDALIKA AT ROHA CITY, MAHARASHTRA",MAHARASHTRA
831,KUNDALIKA RIVER AT ARE KHURD ( SALINE ZONE ),MAHARASHTRA
832,"KUNDALIKA RIVER NEAR SALAV BRIDGE (SALINaN ZONE), SALAV, ROHA, RAIGAD",MAHARASHTRA
833,"KUNDALIKA RIVER AT DHATAV AT JACKWELL (DRINKING WATER  PUMPING STATIONNaNSWEET ZONE), ROHA",MAHARASHTRA
834,MITHI RIVER,MAHARASHTRA
835,"MUCHKUNDI RIVER AT  WAKED,RATNaNGIRI, NEAR M/S ASAHI INDIA GLASS LTD., LANJA, RATNaNGIRI.",MAHARASHTRA
836,"PATALGANGA AT SHILPHATA, MAHARASHTRA",MAHARASHTRA
837,"PATALGANGA NEAR INTAKE OF MIDC W/W, MAHARASHTRA",MAHARASHTRA
838,"PATALGANGA RIVER AT D/S OF KHARPADA BRIDGE, RAIGAD.",MAHARASHTRA
839,"PATALGANGA RIVER AT VYAL PUMP HOUSE , KHALAPUR, RAIGAD.",MAHARASHTRA
840,"PATALGANGA RIVER AT KHALAPUR PUMPING STATION, KHALAPUR, RAIGAD.",MAHARASHTRA
841,"PATALGANGA RIVER AT SAVROLI BRIDGE, KHALAPUR, RAIGAD.",MAHARASHTRA
842,"PATALGANGA RIVER AT GAGANGIRI MAHARAJ TEMPLE, KHOPOLI, RAIGAD.",MAHARASHTRA
843,SAVITRI RIVER AT OVALE VILLAGE.,MAHARASHTRA
844,"SAVITRI RIVER JACKWELL AT UPSA KENDRE, NaNGALWADI, MAHAD, RAIGAD",MAHARASHTRA
845,"SAVITRI RIVER AT SHEDAV DOH, MAHAD,RAIGAD",MAHARASHTRA
846,"SAVITRI RIVER AT DADLI BRIDGE, DADLI, MAHAD, RAIGADH",MAHARASHTRA
847,"SAVITRI RIVER AT MUTHAVALI VILLAGE, MAHAD, RAIGADH",MAHARASHTRA
848,"SURYA RIVER, U/S OF SURYA DAM, DHAMMI, VIKRAMGAD, THANE",MAHARASHTRA
849,"SURYA RIVER AT MIDC PUMPING STATION, GARVASHET, PALGHAR, THANE",MAHARASHTRA
850,"SURYA RIVER AT INTAKE OF VASAINaNVIRAR W/S SCHEME, MASVAN, PALGHAR, THANE",MAHARASHTRA
851,"TANSA RIVER NEAR ROAD BRIDGE, VILLAGE DAKEWALI, WADA, THANE",MAHARASHTRA
852,"ULHAS AT U/S OF BADLAPUR, MAHARASHTRA",MAHARASHTRA
853,ULHAS RIVER ATJAMBHUL WATER WORKS.,MAHARASHTRA
960,"TAMBIRAPARANI AT ERAL, THOTHUKUDI, TAMILNaNDU",TAMILNaNDU
854,"VAITARNaN RIVER NEAR ROAD BRIDGE, GANDHARE VILLAGE, WADA, THANE.",MAHARASHTRA
855,VASHISTI RIVER AT U/S OF THREE M PAPER MILLS NEAR M/S MULTIFILMS PLASTIC PVT. LTD. AT KHERDI.,MAHARASHTRA
856,"VASHISHTI RIVER AT D/S OF THREE M PAPER MILLS NEAR CHIPLUN WATER INTAKE JACKWELL, KHERDI, RATNaNGIRI",MAHARASHTRA
857,"VASHISHTI RIVER AT U/S OF POPHALI NEAR KONPHANSAWANE BRIDGE, CHIPLUN, RATNaNGIRI",MAHARASHTRA
858,"ACHENKOIL AT THUMPAMON, KERALA",KERALA
859,"ACHENKOIL AT CHENNITHULA, KERALA",KERALA
860,"ACHENKOIL AT KALLARAKADAVU, PATHANaNMTHITTA",KERALA
861,"ACHENKOIL AT PANDALAM (NEAR AYYAPPA TEMPLE), PATHANaNMTHITTA",KERALA
862,R ANCHARAKANDY AT MERUVAMBA,KERALA
863,R ANCHARAKANDY AT MERUVAMBA,KERALA
864,R AYROOR AT AYROOR BRIDGE,KERALA
865,R BHARATHAPUZHA AT KUTTIPPURAM,KERALA
866,R BHARATHAPUZHA AT PATTAMBI,KERALA
867,"CHALAKUDY AT PULICKALKANaNDAVU, KERALA",KERALA
868,"CHALIYAR AT KOOLIMADU, KERALA",KERALA
869,"CHALIYAR AT CHUNGAPALLY, KERALA",KERALA
870,"CHALIYAR AT NILAMBUR, MALAPPURAM",KERALA
871,"CHANDRAGIRI AT PADIYATHADKA, KERALA",KERALA
872,"CHITRAPUZHA AT IRUMPANaNM, KERALA",KERALA
873,R CORAPUZHA AT KANaNYANKODE,KERALA
874,"R ITHIKKARA AT AYUR, KERALA",KERALA
875,R ITHIKKARA AT ITHIKKARA,KERALA
876,"R KADALUNDI AT THIRURANGADY, KERALA",KERALA
877,R KADALUNDI AT HAJIRAPPALLY,KERALA
878,R KADAMBAYAR AT BRAHMAPURAM,KERALA
879,R KADAMBAYAR AT MANCKAKADAVU,KERALA
880,"KALLADA AT PERUMTHOTTAMKADAVU, PUNaNLOOR, KERALA",KERALA
881,R KALLAI AT KALLAI BRIDGE,KERALA
882,"KALPATHI PUZHA AT KALPATHI, PALAKKAD",KERALA
883,KARAPUZHA DAM AT WAYANaND,KERALA
884,"R KARINGODE AT KAKKADAVU,  KERALA",KERALA
885,"KARAMANaN AT MOONNaNTTUMUKKU, KERALA",KERALA
886,"RIVER KARAMANaN AT ARUVIKARA, THIRUVANaNTHAPURAM",KERALA
887,R KARUVANNURR AT KARUVANNUR BRIDGE,KERALA
888,R KAVVAI AT KUTTIYOL PALAM,KERALA
889,R KEECHERI AT VADAKKANCHERY BRIDGE,KERALA
890,R KORAYAR AT KANJIKODE,KERALA
891,"R KUPPAM AT THALIPARAMBA, KERALA",KERALA
892,R KUPPAM AT RAYAROM,KERALA
893,"R KUTTIYADE AT KUTTIYADY ESTATE, KERALA",KERALA
894,"R MAHE AT VALAYAM, KERALA",KERALA
895,R MAMOM AT MAMOM BRIDGE,KERALA
896,"MANIMALA  AT KALLOOPARA, KERALA",KERALA
897,"MANIMALA AT THONDRA, KERALA",KERALA
898,"MANIYANKODE PUZHA AT MANIYANKODE BRIDGE, WAYANaND",KERALA
899,R MANJESWAR AT BAJRAKKARA BR.,KERALA
900,"MEENaNCHIL AT KIDANGOOR, KERALA",KERALA
901,R MOGRAL AT MOGRAL BR.,KERALA
902,"MUVATTAPUZHA AT VETTIKKATTUMUKKU, KERALA",KERALA
903,R NEELASWARAM AT NaNMBIARKAL DAM,KERALA
904,"R NEELESWARAM AT HOSDURG, KERALA",KERALA
905,"R NEYYAR AT AMARAVILA, KERALA",KERALA
906,R NEYYAR AT ARUVIPURAM,KERALA
907,R PALLICKAL AT NELLIMUKAL,KERALA
908,"PAMBA AT CHENGANNUR, KERALA",KERALA
909,"PAMBA AT THAKAZHY, KERALA",KERALA
910,"PAMBA DOWN, KERALA",KERALA
911,"PERIYAR NEAR ALWAYENaNELOOR, KERALA",KERALA
912,"PERIYAR AT KALADY, KERALA",KERALA
913,"PERIYAR AT SEWAGE DISCHARGE POINT, KERALA",KERALA
914,RIVER PERIYAR AT MUPPATHADAM,KERALA
915,RIVER PERIYAR AT PATHALAM,KERALA
916,R PERIYAR AT KALAMASSERY,KERALA
917,R PERIYAR AT PURAPPALLIKAVU,KERALA
918,"PERIYAR AT KWA INTAKENaN ALUVA, ERNaNKULAM",KERALA
919,R PERUVAMBA AT CHANDAPPURA,KERALA
920,R PULLUR AT PULLUR BR.,KERALA
921,R PUZHACKAL AT PUZHACKAL BRIDGE,KERALA
922,R RAMAPURAM AT RAMAPURAM BRIDGE,KERALA
923,R SHRIYA AT ANGADIMOGARU,KERALA
924,R THALLASSERY AT PATHIPPALAM,KERALA
925,R THIRUR AT THALAKKADATHUR BRIDGE,KERALA
926,R UPPALA AT  UPPALA BR.,KERALA
927,"RIVER VALAPATTANaNM AT PARASSINIKADAVU, KANNUR",KERALA
928,"VAMANaNPURAM, KERALA",KERALA
929,"NaNGAVALLI AT THOTAPALLI REGULATOR, A.P.",ANDHRA PRADESH
930,"RIVER VAMSHADHARA, KALINGAPATNaNM,VIZIANaNGARAM",ANDHRA PRADESH
931,"U/S OF KARAKAVAGU AT PALONCHA,  KHAMMAM, A.P.",ANDHRA PRADESH
932,"D/S OF KARAKAVAGU AT PALONCHA,  KHAMMAM, A.P.",ANDHRA PRADESH
933,"KALI AT D/S WEST COAST PAPER MILL, KARNaNTAKA",KARNaNTAKA
934,"KALI AT U/S OF WCPM, DANDELI, KARNaNTAKA",KARNaNTAKA
935,KUMARADHARA NaN U/S OF UPPINaNGADY TOWN BEFORE CONFLUENCE WITH RIVER NETHRAVATHI,KARNaNTAKA
936,NETRAVATHI U/S OF DHARMASTALA AT WATER SUPPLY INTAKE POINT,KARNaNTAKA
937,"BUDHABALANGA, D/S OF BARIPADA TOWN",ORISSA
938,BUDHABALANGA AT BALASORE D/S,ORISSA
939,"RIVER KERANDI(INTAKE WELL OF NaNLCO REFINaNRY, HAL, SUNaNBEDA)",ORISSA
940,"NaNGAVALLI AT PENTA U/S, JAYKAYPUR TOWN",ORISSA
941,"NaNGAVALLI AT JAYKAYPUR D/S, ORISSA",ORISSA
942,"NaNGAVALLI AT RAYAGADA D/S, ORISSA",ORISSA
943,"RUSHIKULYA AT GANJAM U/S, ORISSA",ORISSA
944,"RUSHIKULYA AT GANJAM D/S, ORISSA",ORISSA
945,VANSADHARA AT MUNIGUDA (D/S OF M/S VEDANTAALUMINaN PROJECT),ORISSA
946,VANSADHARA ATGUNUPUR (INTERSTATE BOUNDRY),ORISSA
952,"PALAR AT VANIYAMBADI WATER SUPPLY HEAD WORK, TAMILNaNDU",TAMILNaNDU
953,"TAMBIRAPARANI AT BDG.NR. MADURA COATS LTD.PAPAVINaNSAM,TAMILNaNDU",TAMILNaNDU
954,"TAMBIRAPARANI AT CHERANMADEVI,CAUSE WAY,TAMILNaNDU",TAMILNaNDU
955,"TAMBIRAPARANI AT TIRUNELVELI,COLLECTORATE,TAMILNaNDU.",TAMILNaNDU
956,"TAMBIRAPARANI AT MURAPPANaNDU, TAMILNaNDU",TAMILNaNDU
957,"TAMBIRAPARANI AT PAPPANKULAM,TAMILNaNDU",TAMILNaNDU
958,"TAMBIRAPARANI AT RAIL BDG. NR. AMBASAMUDAM, TAMILNaNDU",TAMILNaNDU
959,"TAMBIRAPARANI AT ARUMUGANERI, TAMILNaNDU",TAMILNaNDU
961,"TAMBIRAPARANI AT KALLIDAI KURICHI, TIRUNELVELI, TAMILNaNDU",TAMILNaNDU
962,"TAMBIRAPARANI AT SRIVAIKUNTAM, D/S OF SK ANaNICUT, TIRUNELVELI, TAMILNaNDU",TAMILNaNDU
963,"TAMBIRAPARANI AT VELLAKOIL, TIRUNELVELI, TAMILNaNDU",TAMILNaNDU
964,"TAMBIRAPARANI AT SIVALAPERI, CONFLUENCE POINT OF KUTTRALAM FALLS, D/S OF PALAYAMKOTTAI, TIRUNELVELI, TAMILNaNDU",TAMILNaNDU
965,"VASISTA AT SALEM, D/S OF SAGO INDUSRIES EFFLUENT, TAMILNaNDU",TAMILNaNDU
966,"GHAGGAR AT MUBARAKPUR REST HOUSE (PATIALA), PUNJAB",PUNJAB
967,"GHAGGAR AT 100M D/S CONF. WITH R. SARASWATI (PATIALA),PUNJAB",PUNJAB
968,"GHAGGAR NEAR BANKARPUR,DERA BASSI,PUNJAB",PUNJAB
969,"GHAGGAR AT RATANHERI, D/S OF PATIALA NaNDI (AFTER CONFL.), PUNJAB",PUNJAB
970,"D/S CHHATBIR, PUNJAB",PUNJAB
971,"U/S DHAKANSU NaNLLAH, PUNJAB",PUNJAB
972,"D/S DHAKANSU NaNLLAH, PUNJAB",PUNJAB
973,"D/S JHARMAL NaNDI, PUNJAB",PUNJAB
974,"U/S JHARMAL NaNDI, PUNJAB",PUNJAB
975,"GHAGGER AT MOONaNK, PUNJAB",PUNJAB
976,"D/S SARDULGARH, PUNJAB",PUNJAB
977,"U/S SARDULGARH, PUNJAB",PUNJAB
982,"GAGGAR RIVER WHEN ENTERING IN RAJASTHAN FROM HARYANaN NEAR RD NO. 629, RAJASTHAN",RAJASTHAN
983,"RIVER MARKANDA AT PAONTA, DISTT. SIRMOUR, H.P.",HIMACHAL PRADESH
984,MARKANDA U/S KALA AMB,HIMACHAL PRADESH
985,MARKANDA D/S KALA AMB/ BOUNDARY OF HARYANaN,HIMACHAL PRADESH
986,"RIVER SUKHANaN AT PARWANOO, DISTT. SOLAN, H.P.",HIMACHAL PRADESH
987,"RIVER JAWAI AT JAWAI DAM, SIROHI, RAJASTHAN",RAJASTHAN
988,"KODRA DAM, MOUNT ABU, RAJASTHAN",RAJASTHAN
989,"RIVER BANDI AT HEMAWAS DAM, PALI, RAJASTHAN",RAJASTHAN
990,"GAGGAR RIVER D/S HANUMANGARH NEAR 2 KNJ NaNI ABADI, MAKKASR, RAJASTHAN",RAJASTHAN
991,"RIVER LUNI AT RANaNKPUR DAM, RANaNKPUR, PALI, RAJASTHAN",RAJASTHAN
992,"RIVER BANJAR AT MALANJKHAND NEAR W/S INTAKE POINT, JABALPUR",MADHYA PRADESH
993,"BUGI RIVER AT MIBANPARA, SOUTH GARO HILLS",MEGHALAYA
994,"BUGI RIVER AT DALU, SOUTH GARO HILLS",MEGHALAYA
995,"DAMRING RIVER (KRISHNEI RIVER) AT RESUBELPARA, EAST GARO HILLS",MEGHALAYA
996,"GANOL RIVER TURA, MEGHALAYA",MEGHALAYA
997,"KYRHUKHLA NEAR SUTNGA KHLIERIAT,JAINTIA HILLS DT.,MEGHALAYA",MEGHALAYA
998,"KYNSHI RIVER AT SOHIONG, WEST KHASI HILLS",MEGHALAYA
999,"KYNSHI RIVER AT NaNGKHNUM, WEST KHASI HILLS",MEGHALAYA
1000,"KYNSHI RIVER AT RANIKOR, WEST KHASI HILLS",MEGHALAYA
1001,RILANG RIVER,MEGHALAYA
1002,WAH BLEI,MEGHALAYA
1003,WAH BLEI,MEGHALAYA
1004,LUKHA RIVER,MEGHALAYA
1005,LUKHA RIVER,MEGHALAYA
1006,"MANDA RIVER (DUDHAI RIVER) AT JAMPA, EAST GARO HILLS",MEGHALAYA
1007,"MANDA RIVER (DUDHAI RIVER) AT WAGAISI, EAST GARO HILLS",MEGHALAYA
1008,"MYNTANG RIVER AT NaNRTIANG, JAYANTIA HILLS",MEGHALAYA
1009,"MYNTANG RIVER AT MYNSO, JAYANTIA HILLS",MEGHALAYA
1010,"MYNTDU RIVER JOWAI, MEGHALAYA",MEGHALAYA
1011,"MYNTDU RIVER AT LESHKA, JAYANTIA HILLS",MEGHALAYA
1012,"NONBAH RIVER AT NaNGSTOIN MARKE, WEST KHASI HILLS",MEGHALAYA
1013,"NONBAH RIVER AT NaNGSTOIN MARKE, WEST KHASI HILLS",MEGHALAYA
1014,"SIMSANG RIVER WILLIAMNaNGAR, MEGHALAYA",MEGHALAYA
1015,"UMIAM MAWPHLANG RIVER AT NONGKREM, EAST KHASI HILLS",MEGHALAYA
1016,"UMIAM MAWPHLANG RIVER AT UMTYNGNGAR, EAST KHASI HILLS",MEGHALAYA
1017,"UMIAM MAWPHLANG RIVER AT MAWPHLANG, EAST KHASI HILLS",MEGHALAYA
1018,"UMIAM MAWPHLANG RIVER AT SHELLA, EAST KHASI HILLS",MEGHALAYA
1019,UMKHEN AT WAHKDAIT,MEGHALAYA
1020,UMKHEN AT KSEHPONGDENG,MEGHALAYA
1021,"UMKHEN RIVER AT DIENGPASOH, EAST KHASI HILLS",MEGHALAYA
1022,"UMKHRAH RIVER AT DEMTHRING, SHILLONG",MEGHALAYA
1023,"UMKHRAH RIVER ATUMKALIAR, SHILLONG",MEGHALAYA
1024,"UMKHRAH RIVER ATMAWLAI, SLAUGHTER",MEGHALAYA
1025,"UMKHRAH RIVER AT MAWPDANG, MAWLAI",MEGHALAYA
1026,"UMNGOT RIVER AT SMIT, EAST KHASI HILLS",MEGHALAYA
1027,"UMNGOT RIVER AT DAWKI, EAST KHASI HILLS",MEGHALAYA
1028,"UMSHYRPI RIVER AT RISA COLONY, EAST KHASI HILLS",MEGHALAYA
1029,"UMSHYRPI RIVER AT LAW COLLEGE, DHANKETI, EAST KHASI HILLS",MEGHALAYA
1030,"UMSHYRPI RIVER AT UMSHYRPI BRIDGE, EAST KHASI HILLS",MEGHALAYA
1031,"UMTREW AT BYRNIHAT EAST, MEGHALAYA",MEGHALAYA
1032,"UMTREW RIVER AT UMRAN, RINaN BHOI",MEGHALAYA
1037,"GUMTI AT U/S SOUTH TRIPURA,TRIPURA",TRIPURA
1038,"GUMTI AT D/S SOUTH TRIPURA, TRIPURA",TRIPURA
1039,"CHANDRAPUR, AGARTALA D/S OF HAORA RIVER, TRIPURA",TRIPURA
1041,DAMANGANGA AT KACHIGAON U\S AT GIDC WIER,GUJARAT
1042,RIVER DHADAR AT KOTHADA,GUJARAT
1043,AMLAKHADI AFTER CONFL. OF W. WATER FROM ANKLESHWAR,GUJARAT
1044,AMLAKHADI AT PUNGAM ANKLESHWAR DISTT BHARUCH,GUJARAT
1045,KOLAK AT PATALIA BDG,GUJARAT
1047,ZUARI AT PANCHAWADI,GOA
1048,RIVER ZUARI AT BORIM BRIDGE,GOA
1049,RIVER ZUARI AT MARCAIM JETTY,GOA
1050,MANDOVI AT NEGHBOURHOOD OF PANaNJI,GOA
1051,"MANDOVI AT TONCA, MARCELA",GOA
1052,MANDOVI AT AMONaN BRIDGE,GOA
1053,RIVER MANDOVI AT IFFI JETTY,GOA
1054,MANDOVI NEAR HOTEL MARRIOT,GOA
1055,KALNaN AT CHANDELNaN PERNEM,GOA
1056,RIVER ASSONORA AT ASSONORA,GOA
1057,"BICHOLIM VARAZAN NaNGAR, BICHOLIM",GOA
1058,"RIVER CHAPORA NEAR ALORNaN FORT ,PERNEM",GOA
1059,RIVER CHAPORA AT SIOLIM,GOA
1060,KHANDEPAR AT OPA NaN PONDA,GOA
1061,"KHANDEPAR AT CODLI NR BDG, U/S OPA WATERWORKS,SANGUEM",GOA
1062,"RIVER KUSHAWATI NEAR BUND AT KEVONaN,RIVON,SANGUEM",GOA
1063,RIVER MADAI AT DABOS NaN  VALPOI,GOA
1064,RIVER MAPUSA ON CULVERT ON HIGHWAY MAPUSANaNPANaNJI,GOA
1065,"SAL PAZORKHONI, CUNCOLIM (NEAR CULVERT MARGAONaN CANaNCONaN NaNTIONaNL HIGHWAY)",GOA
1066,"RIVER SAL NEAR HOTEL LEELA MOBOR,CAVELOSSIM",GOA
1069,RIVER SINQUERIM (CANDOLIM SIDE NEAR BRIDGE),GOA
1070,RIVER SINQUERIM NEAR NERUL TEMPLE,GOA
1071,RIVER TALPONaN AT CANaNCONaN,GOA
1072,RIVER TIRACOL AT TIRACOL,GOA
1073,VALVANT AT SANKLI NaN BICHOLIM,GOA
1074,"AMBA AT D/S OF WAKEN BRIDGENaNU/S OF JS PETROCHEMICALS, WAKENPHATA, ROHA",MAHARASHTRA
1075,BHATSA AT D/S OF PISE DAM NEAR PISE VILLAGE (ULHAS),MAHARASHTRA
1076,"BHATSA AT D/S OF LIBERTY OIL MILLS, SATNEL, SHAHAPUR,THANE",MAHARASHTRA
1077,"BHATSA AT U/S OF LIBERTY OIL MILLS, SATNEL, SHAHAPUR, THANE",MAHARASHTRA
1078,KALU AT ATALE VILLAGE,MAHARASHTRA
1079,"KAN RIVER, NEAR SAKRI WATER WORKS, SAKRI, DHULE.",MAHARASHTRA
1080,KUNDALIKA AT ROHA CITY,MAHARASHTRA
1081,KUNDALIKA RIVER AT ARE KHURD ( SALINE ZONE ),MAHARASHTRA
1082,"KUNDALIKA RIVER NEAR SALAV BRIDGE (SALINaN ZONE), SALAV, ROHA, RAIGAD",MAHARASHTRA
1083,"KUNDALIKA AT DHATAV AT JACKWELL (DRINKING WATER  PUMPING STATIONNaNSWEET ZONE), ROHA",MAHARASHTRA
1084,MITHI RIVER,MAHARASHTRA
1085,"MUCHKUNDI RIVER AT  WAKED, NEAR M/S ASAHI INDIA GLASS LTD., LANJA, RATNaNGIRI.",MAHARASHTRA
1086,PATALGANGA AT SHILPHATA,MAHARASHTRA
1087,PATALGANGA NEAR INTAKE OF MIDC W/W,MAHARASHTRA
1088,"PATALGANGA RIVER AT D/S OF KHARPADA BRIDGE, RAIGAD.",MAHARASHTRA
1089,"PATALGANGA RIVER AT VYAL PUMP HOUSE , KHALAPUR, RAIGAD.",MAHARASHTRA
1090,"PATALGANGA RIVER AT KHALAPUR PUMPING STATION, KHALAPUR, RAIGAD.",MAHARASHTRA
1091,"PATALGANGA RIVER AT SAVROLI BRIDGE, KHALAPUR, RAIGAD.",MAHARASHTRA
1092,"PATALGANGA AT GAGANGIRI MAHARAJ TEMPLE, KHOPOLI, RAIGAD.",MAHARASHTRA
1093,"PEHLAR DAM ON PEHLAR INLET OF WATER WORKS, VASAI, THANE.",MAHARASHTRA
1094,SAVITRI RIVER AT OVALE VILLAGE.,MAHARASHTRA
1095,"SAVITRI JACKWELL AT UPSA KENDRE, NaNGALWADI, MAHAD, RAIGAD",MAHARASHTRA
1096,"SAVITRI RIVER AT SHEDAV DOH, MAHAD,RAIGAD",MAHARASHTRA
1097,"SAVITRI RIVER AT DADLI BRIDGE, DADLI, MAHAD, RAIGADH",MAHARASHTRA
1098,"SAVITRI RIVER AT MUTHAVALI VILLAGE, MAHAD, RAIGADH",MAHARASHTRA
1099,"SURYA RIVER, U/S OF SURYA DAM, DHAMMI, VIKRAMGAD, THANE",MAHARASHTRA
1100,"SURYA AT MIDC PUMPING STN, GARVASHET, PALGHAR, THANE",MAHARASHTRA
1101,"SURYA RIVER AT INTAKE OF VASAINaNVIRAR W/S SCHEME, MASVAN, PALGHAR, THANE",MAHARASHTRA
1102,"TANSA RIVER NEAR ROAD BRIDGE, VILLAGE DAKEWALI, WADA, THANE",MAHARASHTRA
1103,ULHAS AT U/S OF NRC BUND AT MOHANE,MAHARASHTRA
1104,ULHAS AT U/S OF BADLAPUR,MAHARASHTRA
1105,ULHAS ATJAMBHUL WATER WORKS,MAHARASHTRA
1106,"VAITARNaN NR RD BDG, GANDHARE VILLAGE, WADA, THANE.",MAHARASHTRA
1107,VASHISTI AT U/S OF THREE M PAPER MILLS NEAR M/S MULTIFILMS PLASTIC PVT. LTD. AT KHERDI.,MAHARASHTRA
1108,"VASHISHTI  AT D/S OF THREE M PAPER MILLS NR CHIPLUN WATER INTAKE JACKWELL,KHERDI,RATNaNGIRI",MAHARASHTRA
1109,"VASHISHTI RIVER AT U/S OF POPHALI NEAR KONPHANSAWANE BRIDGE, CHIPLUN, RATNaNGIRI",MAHARASHTRA
1110,ACHENKOIL AT THUMPAMON,KERALA
1111,ACHENKOIL AT CHENNITHULA,KERALA
1112,"ACHENKOIL AT KALLARAKADAVU, PATHANaNMTHITTA",KERALA
1113,"ACHENKOIL AT PANDALAM (NEAR AYYAPPA TEMPLE),PATHANaNMTHITTA",KERALA
1114,ANCHARAKANDY AT MERUVAMBA,KERALA
1115,ANCHARAKANDY AT MERUVAMBA,KERALA
1116,R AYROOR AT AYROOR BRIDGE,KERALA
1117,BHARATHAPUZHA AT KUTTIPPURAM,KERALA
1118,R BHARATHAPUZHA AT PATTAMBI,KERALA
1119,CHALAKUDY AT PULICKALKANaNDAVU,KERALA
1120,CHALIYAR AT KOOLIMADU,KERALA
1121,CHALIYAR AT CHUNGAPALLY,KERALA
1122,"CHALIYAR AT NILAMBUR, MALAPPURAM",KERALA
1123,CHANDRAGIRI AT PADIYATHADKA,KERALA
1124,CHITRAPUZHA AT IRUMPANaNM,KERALA
1125,R CORAPUZHA AT KANaNYANKODE,KERALA
1126,"R ITHIKKARA AT AYUR, KERALA",KERALA
1127,R ITHIKKARA AT ITHIKKARA,KERALA
1128,R KADALUNDI AT THIRURANGADY,KERALA
1129,R KADALUNDI AT HAJIRAPPALLY,KERALA
1130,KADAMBAYAR AT BRAHMAPURAM,KERALA
1131,KADAMBAYAR AT MANCKAKADAVU,KERALA
1132,"KALLADA AT PERUMTHOTTAM KADAVU, PUNaNLOOR",KERALA
1133,R KALLAI AT KALLAI BRIDGE,KERALA
1134,"KALPATHI PUZHA AT KALPATHI, PALAKKAD",KERALA
1135,KARAPUZHA DAM AT WAYANaND,KERALA
1136,R KARINGODE AT KAKKADAVU,KERALA
1137,KARAMANaN AT MOONNaNTTUMUKKU,KERALA
1138,"RIVER KARAMANaN AT ARUVIKARA, THIRUVANaNTHAPURAM",KERALA
1139,R KARUVANNURR AT KARUVANNUR BRIDGE,KERALA
1140,R KAVVAI AT KUTTIYOL PALAM,KERALA
1141,KEECHERI AT VADAKKANCHERY BDG,KERALA
1142,R KORAYAR AT KANJIKODE,KERALA
1143,R KUPPAM AT THALIPARAMBA,KERALA
1144,R KUPPAM AT RAYAROM,KERALA
1145,R KUTTIYADE AT KUTTIYADY ESTATE,KERALA
1146,"R MAHE AT VALAYAM, KERALA",KERALA
1147,R MAMOM AT MAMOM BRIDGE,KERALA
1148,MANIMALA  AT KALLOOPARA,KERALA
1149,MANIMALA AT THONDRA,KERALA
1150,"MANIYANKODE PUZHA AT MANIYANKODE BRIDGE, WAYANaND",KERALA
1151,R MANJESWAR AT BAJRAKKARA BR.,KERALA
1152,MEENaNCHIL AT KIDANGOOR,KERALA
1153,R MOGRAL AT MOGRAL BR.,KERALA
1154,MUVATTAPUZHA AT VETTIKKATTUMUKKU,KERALA
1155,NEELASWARAM AT NaNMBIARKAL ,KERALA
1156,R NEELESWARAM AT HOSDURG,KERALA
1157,R NEYYAR AT AMARAVILA,KERALA
1158,R NEYYAR AT ARUVIPURAM,KERALA
1159,R PALLICKAL AT NELLIMUKAL,KERALA
1160,PAMBA AT CHENGANNUR,KERALA
1161,PAMBA AT THAKAZHY,KERALA
1162,PAMBA DOWN,KERALA
1163,PERIYAR NEAR ALWAYENaNELOOR,KERALA
1164,PERIYAR AT KALADY,KERALA
1165,PERIYAR AT SEWAGE DISCHARGE POINT,KERALA
1166,PERIYAR AT MUPPATHADAM,KERALA
1167,RIVER PERIYAR AT PATHALAM,KERALA
1168,R PERIYAR AT KALAMASSERY,KERALA
1169,R PERIYAR AT PURAPPALLIKAVU,KERALA
1170,"PERIYAR AT KWA INTAKENaN ALUVA, ERNaNKULAM",KERALA
1171,PERUVAMBA AT CHANDAPPURA,KERALA
1172,R PULLUR AT PULLUR BR.,KERALA
1173,R PUZHACKAL AT PUZHACKAL BRIDGE,KERALA
1174,R RAMAPURAM AT RAMAPURAM BRIDGE,KERALA
1175,R SHRIYA AT ANGADIMOGARU,KERALA
1176,THALLASSERY AT PATHIPPALAM,KERALA
1177,THIRUR AT THALAKKADATHUR BDG,KERALA
1178,R UPPALA AT  UPPALA BR.,KERALA
1179,"RIVER VALAPATTANaNM AT PARASSINIKADAVU, KANNUR",KERALA
1180,VAMANaNPURAM,KERALA
1181,NaNGAVALLI AT THOTAPALLI REGULATOR,ANDHRA PRADESH
1182,"RIVER VAMSHADHARA, KALINGAPATNaNM,VIZIANaNGARAM",ANDHRA PRADESH
1183,"U/S OF KARAKAVAGU AT PALONCHA,  KHAMMAM",ANDHRA PRADESH
1184,"D/S OF KARAKAVAGU AT PALONCHA,  KHAMMAM",ANDHRA PRADESH
1185,KALI AT D/S WEST COAST PAPER MILL,KARNaNTAKA
1186,"KALI AT U/S OF WCPM, DANDELI",KARNaNTAKA
1189,"BUDHABALANGA, D/S OF BARIPADA",ORISSA
1190,BUDHABALANGA AT BALASORE D/S,ORISSA
1191,"RIVER KERANDI(INTAKE WELL OF NaNLCO REFINaNRY, HAL, SUNaNBEDA)",ORISSA
1192,"NaNGAVALLI AT PENTA U/S, JAYKAYPUR TOWN",ORISSA
1193,NaNGAVALLI AT JAYKAYPUR D/S,ORISSA
1194,NaNGAVALLI AT RAYAGADA D/S,ORISSA
1195,RUSHIKULYA AT GANJAM U/S,ORISSA
1196,RUSHIKULYA AT GANJAM D/S,ORISSA
1197,VANSADHARA AT MUNIGUDA (D/S OF M/S VEDANTAALUMINaN PROJECT),ORISSA
1198,VANSADHARA ATGUNUPUR (INTERSTATE BOUNDRY),ORISSA
1204,PALAR AT VANIYAMBADI WATER SUPPLY HEAD WORK,TAMILNaNDU
1205,TAMBIRAPARANI AT BDG.NR. MADURA COATS LTD. PAPAVINaNSAM,TAMILNaNDU
1206,"TAMBIRAPARANI AT CHERANMADEVI,CAUSE WAY",TAMILNaNDU
1207,"TAMBIRAPARANI AT TIRUNELVELI,COLLECTORATE",TAMILNaNDU
1208,TAMBIRAPARANI AT MURAPPANaNDU,TAMILNaNDU
1209,TAMBIRAPARANI AT PAPPANKULAM,TAMILNaNDU
1210,TAMBIRAPARANI AT RAIL BDG. ,TAMILNaNDU
1211,TAMBIRAPARANI AT ARUMUGANERI,TAMILNaNDU
1212,"TAMBIRAPARANI AT ERAL, THOTHUKUDI",TAMILNaNDU
1213,"TAMBIRAPARANI AT KALLIDAI KURICHI, TIRUNELVELI",TAMILNaNDU
1214,"TAMBIRAPARANI AT SRIVAIKUNTAM, D/S OF SK ANaNICUT, TIRUNELVELI",TAMILNaNDU
1215,"TAMBIRAPARANI AT VELLAKOIL, TIRUNELVELI",TAMILNaNDU
1216,"TAMBIRAPARANI AT SIVALAPERI, CONFLUENCE POINT OF KUTTRALAM FALLS, D/S OF PALAYAMKOTTAI, TIRUNELVELI",TAMILNaNDU
1217,"VASISTA AT SALEM, D/S OF SAGO INDUSRIES EFFLUENT",TAMILNaNDU
1219,GHAGGAR AT MUBARAKPUR REST HOUSE (PATIALA),PUNJAB
1220,GHAGGAR AT 100M D/S CONF. WITH R. SARASWATI (PATIALA),PUNJAB
1221,"GHAGGAR NEAR BANKARPUR,DERA BASSI",PUNJAB
1222,"GHAGGAR AT RATANHERI, D/S OF PATIALA NaNDI (AFTER CONFL.)",PUNJAB
1223,GHAGGAR AT D/S CHHATBIR,PUNJAB
1224,GHAGGAR AT U/S DHAKANSU NaNLLAH,PUNJAB
1225,GHAGGAR AT D/S DHAKANSU NaNLLAH,PUNJAB
1226,GHAGGAR AT D/S JHARMAL NaNDI,PUNJAB
1227,GHAGGAR AT U/S JHARMAL NaNDI,PUNJAB
1228,GHAGGAR AT MOONaNK,PUNJAB
1229,GHAGGAR AT D/S SARDULGARH,PUNJAB
1230,GHAGGAR AT U/S SARDULGARH,PUNJAB
1234,GAGGAR RIVER WHEN ENTERING IN RAJASTHAN FROM HARYANaN NEAR RD NO. 629,RAJASTHAN
1235,"RIVER MARKANDA AT PAONTA, DISTT. SIRMOUR",HIMACHAL PRADESH
1236,MARKANDA U/S KALA AMB,HIMACHAL PRADESH
1237,MARKANDA D/S KALA AMB/ BOUNDARY OF HARYANaN,HIMACHAL PRADESH
1239,"RIVER SUKHANaN AT PARWANOO, DISTT. SOLAN",HIMACHAL PRADESH
1240,"JAWAI AT JAWAI DAM, SIROHI",RAJASTHAN
1241,"KODRA DAM, MOUNT ABU",RAJASTHAN
1242,"BANDI AT HEMAWAS DAM, PAL",RAJASTHAN
1243,"RIVER LUNI AT RANaNKPUR DAM, RANaNKPUR, PALI",RAJASTHAN
1285,"BUGI RIVER AT MIBANPARA, SOUTH GARO HILLS",MEGHALAYA
1286,"BUGI AT DALU, SOUTH GARO HILLS",MEGHALAYA
1287,"DAMRING RIVER (KRISHNEI RIVER) AT RESUBELPARA, EAST GARO HILLS",MEGHALAYA
1288,GANOL RIVER TURA,MEGHALAYA
1289,"KYRHUKHLA NR SUTNGA KHLIERIAT,JAINTIA HILLS ",MEGHALAYA
1290,"KYNSHI RIVER AT SOHIONG, WEST KHASI HILLS",MEGHALAYA
1291,"KYNSHI  AT NaNGKHNUM, WEST KHASI HILLS",MEGHALAYA
1292,"KYNSHI RIVER AT RANIKOR, WEST KHASI HILLS",MEGHALAYA
1293,LUKHA RIVER AT MYNDIHATI (TRIBUTARY OF LUNaNR),MEGHALAYA
1294,LUKHA RIVER AT SUNaNPUR (TRIBUTARY OF LUNaNR),MEGHALAYA
1295,"MANDA RIVER (DUDHAI RIVER) AT JAMPA, EAST GARO HILLS",MEGHALAYA
1296,"MANDA RIVER (DUDHAI RIVER) AT WAGAISI, EAST GARO HILLS",MEGHALAYA
1297,"MYNTANG RIVER AT NaNRTIANG, JAYANTIA HILLS",MEGHALAYA
1298,"MYNTANG RIVER AT MYNSO, JAYANTIA HILLS",MEGHALAYA
1299,MYNTDU RIVER JOWAI,MEGHALAYA
1300,"MYNTDU RIVER AT LESHKA, JAYANTIA HILLS",MEGHALAYA
1301,"NONBAH RIVER AT NaNGSTOIN MARKE, WEST KHASI HILLS",MEGHALAYA
1302,"NONBAH RIVER AT NaNGSTOIN MARKE, WEST KHASI HILLS",MEGHALAYA
1303,"RILANG AT MAWKYRWAT, WEST KHASI HILLS",MEGHALAYA
1304,SIMSANG RIVER WILLIAMNaNGAR,MEGHALAYA
1305,"UMIAM MAWPHLANG RIVER AT NONGKREM, EAST KHASI HILLS",MEGHALAYA
1306,"UMIAM MAWPHLANG RIVER AT UMTYNGNGAR, EAST KHASI HILLS",MEGHALAYA
1307,"UMIAM MAWPHLANG RIVER AT MAWPHLANG, EAST KHASI HILLS",MEGHALAYA
1308,"UMIAM MAWPHLANG RIVER AT SHELLA, EAST KHASI HILLS",MEGHALAYA
1309,UMKHEN AT WAHKDAIT,MEGHALAYA
1310,UMKHEN AT KSEHPONGDENG,MEGHALAYA
1311,"UMKHEN AT DIENGPASOH, EAST KHASI HILLS",MEGHALAYA
1312,"UMKHRAH RIVER AT DEMTHRING, SHILLONG",MEGHALAYA
1313,"UMKHRAH RIVER ATUMKALIAR, SHILLONG",MEGHALAYA
1314,"UMKHRAH RIVER ATMAWLAI, SLAUGHTER",MEGHALAYA
1315,"UMKHRAH RIVER AT MAWPDANG, MAWLAI",MEGHALAYA
1316,"UMNGOT RIVER AT SMIT, EAST KHASI HILLS",MEGHALAYA
1317,"UMNGOT RIVER AT DAWKI, EAST KHASI HILLS",MEGHALAYA
1318,"UMSHYRPI AT RISA COLONY, EAST KHASI HILLS",MEGHALAYA
1319,"UMSHYRPI  AT LAW COLLEGE, DHANKETI, EAST KHASI HILLS",MEGHALAYA
1320,"UMSHYRPI AT UMSHYRPI BDG, EAST KHASI HILLS",MEGHALAYA
1321,UMTREW AT BYRNIHAT EAST,MEGHALAYA
1322,"UMTREW RIVER AT UMRAN, RINaN BHOI",MEGHALAYA
1323,"WAH BLEI AT RIANGDO, WEST KHASI HILLS",MEGHALAYA
1324,"WAH BLEI AT SHDADDKHAR, WEST KHASI HILLS",MEGHALAYA
1325,TLAWNG UPSTREAM AIZAWL,MIZORAM
1326,TLAWNG DOWNSTREAM AIZAWL,MIZORAM
1327,TUIRIAL UPPER CATCHMENT,MIZORAM
1328,TUIRIAL LOWER CATCHMENT,MIZORAM
1330,GUMTI AT D/S SOUTH TRIPURA,TRIPURA
1331,"CHANDRAPUR, AGARTALA D/S OF HAORA RIVER",TRIPURA
1334,DAMANGANGA AT DISCHARGE POINT OF DISTILLERY,"DAMAN, DIU, DADRA NaNGAR HAVELI"
1341,DAMANGANGA AT KACHIGAON U\S AT GIDC WIER,GUJARAT
1342,DAMANGANGA AT KACHIGAON D\S (DAMAN),GUJARAT
1343,BALEHWAR KHADI AT N.H. NO. 8,GUJARAT
1344,PURNaN ON BRIDGE AT SURATNaNNaNVSARI HIGHWAY,GUJARAT
1345,KAVERI ON BRIDGE AT BILLIMORANaNVALSAD ROAD,GUJARAT
1346,DHADAR AT KOTHADA,GUJARAT
1347,AMBIKA AT BILIMORA,GUJARAT
1348,"KOLAK AT RAILWAY BRIDGE NO. 313 VAPI,VALSAD",GUJARAT
1349,KOLAK AT PATALIA BDG.,GUJARAT
1350,MINDHOLA AT STATE HIGHWAY BRIDGE SACHIN,GUJARAT
1352,"ZUARI AT D/S OF PT. WHERE KUMBARJRIA CANaNL JOINS, GOA",GOA
1353,ZUARI AT PANCHAWADI,GOA
1354,"MANDOVI AT NEGHBOURHOOD OF PANaNJI, GOA",GOA
1355,"MANDOVI AT TONCA, MARCELA, GOA",GOA
1356,RIVER KALNaN AT CHANDELNaN PERNEM,GOA
1357,RIVER ASSONORA AT ASSONORA,GOA
1358,RIVER BICHOLIM VARAZAN NaNGAR,GOA
1359,"RIVER CHAPORA NEAR ALORNaN FORT ,PERNEM",GOA
1360,RIVER KHANDEPAR AT OPA NaN PONDA,GOA
1361,"RIVER KHANDEPAR AT CODLI NEAR BRIDGE ,U/S OPA WATERWORKS,SANGUEM",GOA
1362,"RIVER KUSHAWATI NEAR BUND AT KEVONaN,RIVON,SANGUEM",GOA
1363,RIVER MADAI AT DABOS NaN  VALPOI,GOA
1364,RIVER MAPUSA ON CULVERT ON HIGHWAY MAPUSANaNPANaNJI,GOA
1365,"RIVER SAL PAZORKHONI, CUNCOLIM (NEAR CULVERT MARGAONaN CANaNCONaN NaNTIONaNL HIGHWAY)",GOA
1366,"RIVER SAL NEAR HOTEL LEELA MOBOR,CAVELOSSIM",GOA
1367,RIVER TALPONaN AT CANaNCONaN,GOA
1368,"VALVANT AT SANKLI NaN BICHOLIM, GOA",GOA
1369,"AMBA RIVER AT D/S OF WAKEN BRIDGENaNU/S OF JS PETRO CHEMICALS, WAKENPHATA, ROHA",MAHARASHTRA
1371,"BHATSA RIVER AT D/S OF LIBERTY OIL MILLS, SATNEL, SHAHAPUR, THANE",MAHARASHTRA
1372,"BHATSA RIVER AT U/S OF LIBERTY OIL MILLS, SATNEL, SHAHAPUR, THANE",MAHARASHTRA
1373,"KALU AT ATALE VILLAGE, MAHARASHTRA",MAHARASHTRA
1374,"KAN RIVER NEAR SAKRI WATER WORKS, SAKRI, DHULE",MAHARASHTRA
1375,"KUNDALIKA AT ROHA CITY, MAHARASHTRA",MAHARASHTRA
1376,KUNDALIKA RIVER AT ARE KHURD ( SALINE ZONE ),MAHARASHTRA
1377,"KUNDALIKA RIVER NEAR SALAV BRIDGE (SALINaN ZONE), SALAV, ROHA, RAIGAD",MAHARASHTRA
1378,"KUNDALIKA RIVER AT DHATAV AT JACKWELL, DHATAV, ROHA, RAIGAD",MAHARASHTRA
1379,MITHI RIVER,MAHARASHTRA
1380,"MUCHKUNDI RIVER AT WAKED NEAR M/S ASAHI INDIA GLASS LTD, WAKED, LANJA, RATNaNGIRI",MAHARASHTRA
1381,"PATALGANGA AT SHILPHATA, MAHARASHTRA",MAHARASHTRA
1382,"PATALGANGA NEAR INTAKE OF MIDC W/W, MAHARASHTRA",MAHARASHTRA
1383,"PATALGANGA RIVER AT D/S OF KHARPADA BRIDGE, KHARPADA, KHALAPUR, RAIGAD",MAHARASHTRA
1384,"PATALGANGA RIVER AT VYAL PUMP HOUSE, VYAL, KHALAPUR, RAIGAD",MAHARASHTRA
1385,"PATALGANGA RIVER AT KHALAPUR PUMPING STATION, KHALAPUR, RAIGAD",MAHARASHTRA
1386,"PATALGANGA RIVER AT SAVROLI BRIDGE, KHALAPUR. RAIGAD",MAHARASHTRA
1387,"PATALGANGA RIVER AT GAGANGIRI MAHARAJ TEMPLE, KHOPOLI, KHALAPUR, RAIGAD",MAHARASHTRA
1388,"PEHLAR DAM ON PEHLAR R. INLET OF WATER WORKS, VASAI, THANE.",MAHARASHTRA
1389,SAVITRI RIVER AT OVALE VILLAGE.,MAHARASHTRA
1390,"SAVITRI JACKWELL AT UPSA KENDRE, NaNGALWADI, MAHAD, RAIGAD",MAHARASHTRA
1391,"SAVITRI AT SHEDAV DOH,,RAIGAD",MAHARASHTRA
1392,SAVITRI RIVER AT DADLI BRIDGE,MAHARASHTRA
1393,"SAVITRI RIVER AT MUTHAVALI VILLAGE, MAHAD, RAIGADH",MAHARASHTRA
1394,"SURYA RIVER, U/S OF SURYA DAM, DHAMMI, VIKRAMGAD, THANE",MAHARASHTRA
1395,"SURYA RIVER AT MIDC PUMPING STN, GARVASHET, PALGHAR, THANE",MAHARASHTRA
1396,"SURYA AT INTAKE OF VASAINaNVIRAR W/S SCHEME, MASVAN, PALGHAR",MAHARASHTRA
1397,"TANSA RIVER NEAR ROAD BRIDGE, VILLAGE DAKEWALI, WADA, THANE",MAHARASHTRA
1398,"ULHAS AT U/S OF NRC BUND AT MOHANE, MAHARASHTRA",MAHARASHTRA
1399,ULHAS AT U/S OF BADLAPUR,MAHARASHTRA
1400,ULHAS ATJAMBHUL WATER WORKS.,MAHARASHTRA
1401,"VAITARNaN NEAR ROAD BRIDGE, GANDHARE VILLAGE, WADA, THANE",MAHARASHTRA
1402,VASHISTI AT U/S OF THREE M PAPER MILLS NEAR M/S MULTIFILMS PLASTIC PVT. LTD. AT KHERDI.,MAHARASHTRA
1403,"VASHISTI AT D/S OF THREE M PAPER MILLS NEAR CHIPLUN WATER INTAKE JACKWELL AT KHERDI, RATNaNGIRI. ",MAHARASHTRA
1404,VASHISTI AT U/S OF POPHALI NR KONPHANSAWANE BRIDGE,MAHARASHTRA
1405,ACHENKOIL AT THUMPAMON,KERALA
1406,ACHENKOIL AT CHENNITHULA,KERALA
1407,R ANCHARAKANDY AT MERUVAMBA,KERALA
1408,R ANCHARAKANDY AT MERUVAMBA,KERALA
1409,R AYROOR AT AYROOR BRIDGE,KERALA
1410,R BHARATHAPUZHA AT KUTTIPPURAM,KERALA
1411,R BHARATHAPUZHA AT PATTAMBI,KERALA
1412,CHALAKUDY AT PULICKALKANaNDAVU,KERALA
1413,"CHALIYAR AT KOOLIMADU, KERALA",KERALA
1414,CHALIYAR AT CHUNGAPALLY,KERALA
1415,CHANDRAGIRI AT PADIYATHADKA,KERALA
1416,CHITTHRAPUZHA AT IRUMPANaNM,KERALA
1417,R CORAPUZHA AT KANaNYANKODE,KERALA
1418,"ITHIKKARA AT AYUR, KERALA",KERALA
1419,R ITHIKKARA AT ITHIKKARA,KERALA
1420,KADALUNDY AT THIRURANGADY,KERALA
1421,R KADALUNDI AT HAJIRAPPALLY,KERALA
1422,R KADAMBAYAR AT BRAHMAPURAM,KERALA
1423,R KADAMBAYAR AT MANCKAKADAVU,KERALA
1424,"KALLADA AT PERUMTHOTTAM KADAVU, PUNaNLOOR, KERALA",KERALA
1425,R KALLAI AT KALLAI BRIDGE,KERALA
1426,KARINGODE AT KAKKADAVU,KERALA
1427,KARAMANaN AT MOONNaNTTUMUKKU,KERALA
1428,R KARUVANNURR AT KARUVANNUR BRIDGE,KERALA
1429,R KAVVAI AT KUTTIYOL PALAM,KERALA
1430,R KEECHERI AT VADAKKANCHERY BRIDGE,KERALA
1431,R KORAYAR AT KANJIKODE,KERALA
1432,R KUPPAM AT THALIPARAMBA,KERALA
1433,R KUPPAM AT RAYAROM,KERALA
1434,R KUTTIYADY AT  KUTTIYADY ESTATE,KERALA
1435,"R MAHE AT VALAYAM, KERALA",KERALA
1436,R MAMOM AT MAMOM BRIDGE,KERALA
1437,"MANIMALA  AT KALLOOPARA,",KERALA
1438,"MANIMALA AT THONDRA, KERALA",KERALA
1439,R MANJESWAR AT BAJRAKKARA BR.,KERALA
1440,"MEENaNCHIL AT KIDANGOOR, KERALA",KERALA
1441,R MOGRAL AT MOGRAL BR.,KERALA
1442,"MUVATTAPUZHA AT VETTIKKATTUMUKKU, KERALA",KERALA
1443,R NEELASWARAM AT NaNMBIARKAL DAM,KERALA
1444,R NEELASWARAM AT HOSDURG,KERALA
1445,"R NEYYAR AT AMARAVILA, KERALA",KERALA
1446,R NEYYAR AT ARUVIPURAM,KERALA
1447,R PALLICKAL AT NELLIMUKAL,KERALA
1448,"PAMBA AT CHENGANNUR, KERALA",KERALA
1449,"PAMBA AT THAKAZHY, KERALA",KERALA
1450,"PAMBA DOWN, KERALA",KERALA
1451,PERIYAR NEAR ALWAYENaNELOOR,KERALA
1452,"PERIYAR AT KALADY, KERALA",KERALA
1453,"PERIYAR AT SEWAGE DISCHARGE POINT, KERALA",KERALA
1454,RIVER PERIYAR AT MUPPATHADAM,KERALA
1455,RIVER PERIYAR AT PATHALAM,KERALA
1456,R PERIYAR AT KALAMASSERY,KERALA
1457,R PERIYAR AT PURAPPALLIKAVU,KERALA
1458,R PERUVAMBA AT CHANDAPPURA,KERALA
1459,R PULLUR AT PULLUR BR.,KERALA
1460,R PUZHACKAL AT PUZHACKAL BRIDGE,KERALA
1461,R RAMAPURAM AT RAMAPURAM BRIDGE,KERALA
1462,R SHRIYA AT ANGADIMOGARU,KERALA
1463,R THALLASSERY AT PATHIPPALAM,KERALA
1464,R THIRUR AT THALAKKADATHUR BRIDGE,KERALA
1465,R UPPALA AT  UPPALA BR.,KERALA
1466,"VAMANaNPURAM, KERALA",KERALA
1467,"NaNGAVALLI AT THOTAPALLI REGULATOR, A.P.",ANDHRA PRADESH
1468,"RIVER VAMSHADHARA, KALINGAPATNaNM,VIZIANaNGARAM",ANDHRA PRADESH
1469,"KALI AT D/S WEST COAST PAPER MILL, KARNaNTAKA",KARNaNTAKA
1470,"KALI AT U/S OF WCPM, DANDELI, KARNaNTAKA",KARNaNTAKA
1471,KUMARADHARA NaN U/S OF UPPINaNGADY TOWN BEFORE CONFLUENCE WITH RIVER NETHRAVATHI,KARNaNTAKA
1472,NETRAVATHI U/S OF DHARMASTALA AT WATER SUPPLY INTAKE POINT,KARNaNTAKA
1473,"BUDHABALANGA, D/S OF BARIPADA TOWN",ORISSA
1474,"BUDHABALANGA, D/S OF BARIPADA TOWN",ORISSA
1475,"RIVER KERANDI(INTAKE WELL OF NaNLCO REFINaNRY, HAL, SUNaNBEDA)",ORISSA
1476,"NaNGAVALLI AT PENTA U/S, JAYKAYPUR TOWN",ORISSA
1477,"NaNGAVALLI AT JAYKAYPUR D/S, ORISSA",ORISSA
1478,"NaNGAVALLI AT RAYAGADA D/S, ORISSA",ORISSA
1479,"RUSHIKULYA AT GANJAM U/S, ORISSA",ORISSA
1480,"RUSHIKULYA AT GANJAM D/S, ORISSA",ORISSA
1481,VANSADHARA AT MUNIGUDA (D/S OF M/S VEDANTAALUMINaN PROJECT),ORISSA
1482,VANSADHARA AT GUNUPUR (INTERSTATE BOUNDRY),ORISSA
1488,"PALAR AT VANIYAMBADI WATER SUPPLY HEAD WORK, TAMILNaNDU",TAMIL NaNDU
1491,"GHAGGAR AT MUBARAKPUR REST HOUSE (PATIALA), PUNJAB",PUNJAB
1492,"GHAGGAR AT 100M D/S CONF. WITH R. SARASWATI (PATIALA),PUNJAB",PUNJAB
1493,"GHAGGAR NEAR BANKARPUR,DERA BASSI,PUNJAB",PUNJAB
1494,"GHAGGAR AT RATANHERI, D/S OF PATIALA NaNDI (AFTER CONFL.), PUNJAB",PUNJAB
1495,GHAGGAR AT D/S CHHATBIR,PUNJAB
1496,"GHAGGAR AT U/S DHAKANSU NaNLLAH, PUNJAB",PUNJAB
1497,"GHAGGAR AT D/S DHAKANSU NaNLLAH, PUNJAB",PUNJAB
1498,GHAGGAR AT D/S JHARMAL NaNDI,PUNJAB
1499,GHAGGAR AT U/S JHARMAL NaNDI,PUNJAB
1500,"GHAGGAR AT MOONaNK, PUNJAB",PUNJAB
1501,GHAGGAR AT D/S SARDULGARH,PUNJAB
1502,GHAGGAR AT U/S SARDULGARH,PUNJAB
1506,"GAGGAR RIVER WHEN ENTERING IN RAJASTHAN FROM HARYANaN NEAR RD NO. 629, RAJASTHAN",RAJASTHAN
1507,"GAGGAR RIVER D/S HANUMANGARH NEAR 2 KNJ NaNI ABADI, MAKKASR",RAJASTHAN
1508,"RIVER MARKANDA AT PAONTA, DISTT. SIRMOUR, H.P.",HIMACHAL PRADESH
1509,MARKANDA U/S KALA AMB,HIMACHAL PRADESH
1511,MARKANDA D/S KALA AMB/ BOUNDARY OF HARYANaN,HIMACHAL PRADESH
1512,"RIVER SUKHANaN AT PARWANOO, DISTT. SOLAN, H.P.",HIMACHAL PRADESH
1513,"RIVER BANDI AT HEMAWAS DAM, PALI, RAJASTHAN",RAJASTHAN
1551,"GANOL RIVER TURA, MEGHALAYA",MEGHALAYA
1552,"KHARKHLA NEAR SUTNGA KHLIERIAT,JAINTIA HILLS DT.,MEGHALAYA",MEGHALAYA
1553,"MYNTDU RIVER JOWAI, MEGHALAYA",MEGHALAYA
1554,SIMSANG RIVER WILLIAMNaNGAR,MEGHALAYA
1555,UMTREW AT BYRNIHAT EAST,MEGHALAYA
1556,TLAWNG UPSTREAM AIZAWL,MIZORAM
1557,TLAWNG DOWNSTREAM AIZAWL,MIZORAM
1558,TUIRIAL UPPER CATCHMENT,MIZORAM
1559,TUIRIAL LOWER CATCHMENT,MIZORAM
1561,GUMTI AT D/S SOUTH TRIPURA,TRIPURA
1562,"CHANDRAPUR, AGARTALA D/S OF HAORA RIVER, TRIPURA",TRIPURA
1563,"DAMANGANGA AT ZARI CAUSE WAY BRIDGE, DAMAN ",DAMAN & DIU
1571,BALEHWAR KHADI AT N.H. NO. 8,GUJARAT
1572,RIVER PURNaN ON BRIDGE AT SURATNaNNaNVSARI HIGHWAY,GUJARAT
1573,RIVER KAVERI ON BRIDGE AT BILLIMORANaNVALSAD ROAD,GUJARAT
1574,RIVER DHADAR AT KOTHADA,GUJARAT
1575,"AMBIKA AT BILIMORA, ",GUJARAT
1577,"MINDHOLA AT STATE HIGHWAY BRIDGE SACHIN, ",GUJARAT
1743,SIMSANG RIVER WILLIAMNaNGAR,MIZORAM
1749,GUMTI AT D/S SOUTH TRIPURA,tripura
1750,"CHANDRAPUR, AGARTALA D/S OF HAORA RIVER, TRIPURA",tripura
