STATION CODE,LOCATIONS,STATE
1312.0,"GODAVARI AT JAYAKWADI DAM, AURNaNGABAD,MAHARASHTRA",MAHARASHTRA
2177.0,GODAVARI RIVER NEAR SOMESHWAR TEMPLE.,MAHARASHTRA
2182.0,GODAVARI RIVER AT SAIKHEDA.,MAHARASHTRA
2179.0,"GODAVARI RIVER AT HANUMAN GHAT, NaNSHIK CITY.",MAHARASHTRA
2183.0,GODAVARI RIVER AT NaNDUR- MADMESHWAR DAM.,MAHARASHTRA
2181.0,"GODAVARI RIVER AT KAPILA- GODAVARI CONFLUENCE POINT, TAPOVAN.",MAHARASHTRA
2180.0,GODAVARI RIVER NEAR TAPOVAN.,MAHARASHTRA
1096.0,"GODAVARI AT PANCHAVATI AT RAMKUND,MAHARASHTRA",MAHARASHTRA
1211.0,"GODAVARI AT NaNSIK D/S, MAHARASHTRA",MAHARASHTRA
1095.0,"GODAVARI AT U/S OF GANGAPUR DAM,NaNSIK,MAHARASHTRA",MAHARASHTRA
2160.0,"GODAVARI RIVER AT U/S OF AURANGABAD RESERVOIR, KAIGAON TOKKA NEAR KAIGAON BRIDGE.",MAHARASHTRA
2158.0,GODAVARI RIVER AT U/S OF PAITHAN AT PAITHAN INTAKE PUMP HOUSE AT JAYAKWADI�,MAHARASHTRA
2159.0,GODAVARI RIVER AT D/S OF PAITHAN AT PATHEGAON BRIDGE.,MAHARASHTRA
2161.0,"GODAVARI RIVER AT JALNaN INTAKE WATER PUMP HOUSE, SHAHABAD.",MAHARASHTRA
12.0,"GODAVARI AT DHALEGAON, MAHARASHTRA",MAHARASHTRA
1209.0,"GODAVARI AT RAHER, MAHARASHTRA",MAHARASHTRA
2157.0,GODAVARI RIVER AT LATUR WATER INTAKE NEAR PUMP HOUSE AT DHAMEGAON.,MAHARASHTRA
2360.0,"GODAVARI AT BASARA, ADILABAD",ANDHRA PRADESH
2361.0,"GODAVARI��AT MANCHERIAL, NEAR RLY BDG B/C OF RALLAVAGU",ANDHRA PRADESH
2362.0,"GODAVARI AT RAMAGUNDAM D/S, NEAR FCI INTAKE WELL, KARIMNaNGAR",ANDHRA PRADESH
2363.0,"GODAVARI AT GODAVARIKHANI, NEAR BATHING GHAT, KARIMNaNGAR",ANDHRA PRADESH
2364.0,"GODAVARI AT RAMAGUNDAM U/S , KARIMNaNGAR",ANDHRA PRADESH
2356.0,"GODAVARI,��D/S OF RAMANUGUNDAM,",ANDHRA PRADESH
2365.0,"GODAVARI AT KAMALPUR U/S M/S AP RAYONS LTD. INTAKE WELL, WARANGAL",ANDHRA PRADESH
2366.0,"GODAVARI AT KAMALPUR D/S AT M/S. AP RAYONS LTD. DISCHARGE POINT, WARANGAL",ANDHRA PRADESH
13.0,"GODAVARI AT MANCHERIAL, A.P.",ANDHRA PRADESH
2367.0,"GODAVARI AT BHADRACHALAM U/S BATHING GHAT, KHAMMAM",ANDHRA PRADESH
2368.0,"GODAVARI AT BHADRACHALAM D/S BATHING GHAT, KHAMMAM",ANDHRA PRADESH
2369.0,"GODAVARI AT BURGAMPAHAD, KHAMMAM",ANDHRA PRADESH
2370.0,GODAVARI AT RAJAMUNDRY U/S OF NaNLLA CHANNEL,ANDHRA PRADESH
1218.0,"GODAVARI AT RAJAHMUNDRY U/S, A.P.",ANDHRA PRADESH
2371.0,GODAVARI AT RAJAMUNDRY D/S OF NaNLLA CHANNEL,ANDHRA PRADESH
1062.0,"GANGA AT GARHMUKTESHWAR, U.P",UTTAR PRADESH
2488.0,"GANGA U/S, ANOOPSHAHAR",UTTAR PRADESH
2489.0,"GANGA D/S, ANOOPSHAHAR",UTTAR PRADESH
1145.0,"GANGA AT NaNRORA (BULANDSAHAR), U.P.",UTTAR PRADESH
2490.0,"GANGA AT KACHHLA GHAT, ALIGARH",UTTAR PRADESH
1063.0,"GANGA AT KANNaNUJ U/S (RAJGHAT), U.P",UTTAR PRADESH
1066.0,"GANGA AT KANNaNUJ D/S, U.P",UTTAR PRADESH
1146.0,"GANGA AT BITHOOR (KANPUR), U.P.",UTTAR PRADESH
1067.0,"GANGA AT KANPUR U/S (RANIGHAT), U.P",UTTAR PRADESH
1068.0,"GANGA AT KANPUR D/S (JAJMAU PUMPING STATION), U.P",UTTAR PRADESH
1147.0,"GANGA AT DALMAU (RAI BAREILLY), U.P.",UTTAR PRADESH
2498.0,"GANGA AT KALA KANKAR, RAEBARELI",UTTAR PRADESH
1046.0,"GANGA AT ALLAHABAD (RASOOLABAD), U.P.",UTTAR PRADESH
2487.0,"GANGA AT KADAGHAT, ALLAHABAD",UTTAR PRADESH
1049.0,"GANGA AT ALLAHABAD D/S (SANGAM), U.P.",UTTAR PRADESH
2485.0,"GANGA U/S, VINDHYACHAL, MIRZAPUR",UTTAR PRADESH
2486.0,"GANGA D/S, MIRZAPUR",UTTAR PRADESH
1070.0,"GANGA AT VARANaNSI U/S (ASSIGHAT), U.P",UTTAR PRADESH
1071.0,"GANGA AT VARANaNSI D/S (MALVIYA BRIDGE), U.P",UTTAR PRADESH
1073.0,"GANGA AT TRIGHAT (GHAZIPUR), U.P",UTTAR PRADESH
2502.0,"SHUKRA TAL, MUZAFFARNaNGAR, NEAR GANGA RIVER",UTTAR PRADESH
1074.0,"GANGA AT BUXAR,BIHAR",BIHAR
2551.0,"GANGA AT BUXAR, RAMREKHAGHAT",BIHAR
1077.0,"GANGA AT KHURJI, PATNaN U/S, BIHAR",BIHAR
2556.0,"GANGA AT INDRAPURI, DEHRI ON SONE",BIHAR
2564.0,"GANGA��AT THE CONFLUENCE OF SONE RIVER DORIGANJ, CHAPRA",BIHAR
2552.0,GANGA DARBHANGA GHAT AT PATNaN,BIHAR
1079.0,"GANGA AT PATNaN D/S (GANGA BRIDGE),BIHAR",BIHAR
2555.0,"GANGA AT PUNPUN, PATNaN",BIHAR
2553.0,GANGA AT FATUHA,BIHAR
1817.0,GANGA AT MOKAMA (U/S),BIHAR
1815.0,GANGA AT MOKAMA (D/S),BIHAR
1818.0,GANGA AT MUNGER,BIHAR
2554.0,"GANGA AT SULTANGANJ, BHAGALPUR",BIHAR
1819.0,GANGA AT BHAGALPUR,BIHAR
1816.0,GANGA AT KAHALGAON,BIHAR
3113.0,GANGA AT D/S BUXAR NEAR GANGA BRIDGE,BIHAR
3114.0,GANGA RIVER NEAR DANaNPUR (NEAR PIPAPUL),BIHAR
3115.0,GANGA RIVER AT BARH,BIHAR
3116.0,GANGA AT U/S MUNGER (NEAR INTAKE WELL ON GANGA),BIHAR
3117.0,GANGA AT U/S SULTANGANJ,BIHAR
3118.0,GANGA AT U/S BHAGALPUR,BIHAR
3122.0,"GANGA AT MALSALAMI, PATNaN",BIHAR
3123.0,GANGA RIVER AT BARAHIA,BIHAR
1080.0,GANGA AT BAHARAMPORE WEST BENGAL,WEST BENGAL
2511.0,"NaNBADIP ON GANGA,GHOSHPARA NEAR MONIPURGHAT",WEST BENGAL
2506.0,"TRIBENI ON GANGA, NEAR BURNING GHAT",WEST BENGAL
1054.0,"GANGA AT PALTA, WEST BENGAL",WEST BENGAL
1472.0,"GANGA AT SERAMPORE, WEST BENGAL",WEST BENGAL
1053.0,"GANGA AT DAKSHMINESWAR, WEST BENGAL",WEST BENGAL
1471.0,"GANGA AT HOWRAH-SHIVPUR, WEST BENGAL",WEST BENGAL
1470.0,"GANGA AT GARDEN REACH, WEST BENGAL",WEST BENGAL
1052.0,"GANGA AT ULUBERIA, WEST BENGAL",WEST BENGAL
1469.0,"GANGA AT DIAMOND HARBOUR, WEST BENGAL",WEST BENGAL
1260.0,"BRAHAMPUTRA AT KHERGHAT (AFTER CONFL. WITH DIBANG & DIHANG),ASSAM",ASSAM
1030.0,"BRAHAMPUTRA AT DIBRUGARH, ASSAM",ASSAM
1262.0,"BRAHAMPUTRA AT NIMATIGHAT, ASSAM",ASSAM
1526.0,"BRAHMPUTRA RIVER AT DHENUKHAPAHAR, ASSAM",ASSAM
1031.0,"BRAHAMPUTRA AT PANDU, ASSAM",ASSAM
1299.0,"BRAHAMPUTRA AT JOGIJHOGA NEAR BRIDGE, ASSAM",ASSAM
2069.0,"BRAHMPUTRA RIVER NEAR WATER INTAKE POINT AT KACHARIGHAT, PANBAZAR, GUWAHATI, ASSAM",ASSAM
2064.0,"BRAHMAPUTRA RIVER AT CHANDRAPUR, GUWAHATI",ASSAM
2067.0,"BRAHMPUTRA RIVER AT SUALKUCHI, DIST. KAMRUP, ASSAM",ASSAM
2066.0,BRAHMAPUTRA RIVER AT DHUBRI,ASSAM
1194.0,"KRISHNaN AT MAHABALESHWAR DHOM DAM NEAR KOINaN DAM,MAHARASHTRA",MAHARASHTRA
36.0,"KRISHNaN AT KRISHNaN BRIDGE, KARAD, MAHARASHTRA",MAHARASHTRA
1906.0,KRISHNaN D/S OF ISLAMPUR,MAHARASHTRA
1310.0,"KRISHNaN AT KURUNDWAD IN KOLHAPUR,MAHARASHTRA",MAHARASHTRA
2187.0,KRISHNaN RIVER AT KSHETRA MAHULI.,MAHARASHTRA
2188.0,KRISHNaN RIVER AT KRISHNaN-VENNaN SANGAM AT MAHULI.,MAHARASHTRA
2190.0,KRISHNaN RIVER AT WAI.,MAHARASHTRA
1182.0,"KRISHNaN AT U/S OF UGARKHURD BARRAGE,KARNaNTAKA",KARNaNTAKA
1889.0,KRISHNaN - ANKALI BRIDGE ALONG CHIKKODI KAGWAD ROAD,KARNaNTAKA
1181.0,"KRISHNaN AT D/S OF NaNRAYANPURA DAM,KARNaNTAKA",KARNaNTAKA
1170.0,"KRISHNaN AT D/S OF DEVASAGAR BDG.,KARNaNTAKA",KARNaNTAKA
1028.0,"KRISHNaN AT TINTINI BRIDGE, KARNaNTAKA",KARNaNTAKA
2781.0,"KRISHNaN AT D/S OF ALAMATTI DAM, KARNaNTAKA",KARNaNTAKA
1175.0,"KRISHNaN AFTER CONFL. WITH TUNGABHADRA, SANGAMESHWARAM A.P.",ANDHRA PRADESH
1465.0,"KRISHNaN AT WADAPALLY AFTER CONFL. WITH R. MUSI, A.P.(SHIFTED FROM 1220)",ANDHRA PRADESH
1786.0,"VEDADRI , GUNTUR DIST., A.P",ANDHRA PRADESH
1787.0,"AMARAVATI , GUNTUR DIST., A.P",ANDHRA PRADESH
25.0,"KRISHNaN AT VIJAYWADA, A.P.",ANDHRA PRADESH
3083.0,"KRISHNaN D/S OF SRISHAILAM,��KURNOOL, A.P.",ANDHRA PRADESH
1782.0,"HAMSALA DEEVI , GUNTUR DIST, A.P",ANDHRA PRADESH
1553.0,"YAMUNaN , U/S PAONTA SAHIB, H.P",HIMACHAL PRADESH
1554.0,"YAMUNaN , D/S PAONTA SAHIB, H.P",HIMACHAL PRADESH
2495.0,"YAMUNaN AT KESIGHAT, VRINDAVAN",UTTAR PRADESH
2494.0,"YAMUNaN AT VISHRAMGHAT, MATHURA",UTTAR PRADESH
2493.0,YAMUNaN AT SHAHPUR,UTTAR PRADESH
1069.0,"YAMUNaN AT ALLAHABAD D/S (BALUA GHAT), U.P",UTTAR PRADESH
1893.0,YAGACHI RIVER NEAR PUMPING STATION. HASSAN CITY,KARNaNTAKA
1199.0,HEMAVATI AT D/S OF HOLENaNRASIPURA TOWN AT RAMADEVALA WEIR,KARNaNTAKA
1166.0,"SHIMSHA AT D/S OF BRIDGE, HALAGUR, KARNaNTAKA",KARNaNTAKA
1165.0,"ARKAVATHI AT D/S OF KANaNKAPURA TOWN, KARNaNTAKA",KARNaNTAKA
2778.0,"ARKAVATHI AT T.G. HALLI RESERVOIR, , KARNaNTAKA",KARNaNTAKA
1196.0,"LAKSHMANTIRTHA��AT D/S OF HUNSUR TOWN, KARNaNTAKA",KARNaNTAKA
2772.0,"LAKSHMANTIRTHA��AT D/S OF KATTEMALAVADI, KARNaNTAKA",KARNaNTAKA
1207.0,"KABBANI AT MUTHANKARA, KERALA",KERALA
1197.0,"KABBANI AT SARAGUR VILLAGE D/S, KARNaNTAKA",KARNaNTAKA
41.0,"KABBANI AT CAUSE WAY��SATTUR, KARNaNTAKA",KARNaNTAKA
1445.0,"KABBANI AT WATER INTAKE OF KIADB AT NaNJANGUD,KARNaNTAKA",KARNaNTAKA
2775.0,"KABINI AT BATHING GHAT, NaNJANaNGUD, KARNaNTAKA",KARNaNTAKA
1208.0,"BHAVANI AT ELACHIVAZHY, KERALA",KERALA
1201.0,"BHAVANI AT PATHIRAKALIAMMAN KOIL, TAMILNaNDU",TAMILNaNDU
1204.0,"BHAVANI AT SIRUMUGAI,TAMILNaNDU",TAMILNaNDU
1321.0,"BHAVANI AT BHAVANI SAGAR, TAMILNaNDU",TAMILNaNDU
1205.0,"BHAVANI AT BHAVANI, TAMILNaNDU",TAMILNaNDU
3019.0,"BHAVANI AT D/S OF BHAVANISAGAR, SATHYAMANGALAM, ERODE, TAMILNaNDU",TAMILNaNDU
3020.0,"U/S OF KALINGARAYAN CANaNL (B5), ERODE, TAMILNaNDU",TAMILNaNDU
3021.0,"D/S OF KALINGARAYAN CANaNL (B10), ERODE, TAMILNaNDU",TAMILNaNDU
1510.0,"TONS RIVER, H.P",HIMACHAL PRADESH
2620.0,ASHWANI AT U/S YASHWANT NaNGAR,HIMACHAL PRADESH
2626.0,BATTA AT U/S PAONTA,HIMACHAL PRADESH
2627.0,BATTA BEFORE CONFLUENCE TO YAMUNaN,HIMACHAL PRADESH
2621.0,GIRI AT D/S YASHWANT NaNGAR,HIMACHAL PRADESH
2622.0,GIRI AT U/S CCI MINES,HIMACHAL PRADESH
2623.0,GIRI D/S SATAUN,HIMACHAL PRADESH
2617.0,PABBAR AT U/S DHAMBARI,HIMACHAL PRADESH
2618.0,PABBAR AT U/S ROHRU,HIMACHAL PRADESH
2619.0,PABBAR AT D/S SWARAKUDDU,HIMACHAL PRADESH
1358.0,"HINDON AT GHAZIABAD D/S, U.P.",UTTAR PRADESH
1357.0,"HINDON AT SAHARANPUR D/S, U.P.",UTTAR PRADESH
1143.0,"TONS AT CHAKGHAT, M.P.",MADHYA PRADESH
1735.0,"BETWA AT GOVIND SAGAR, U.P",UTTAR PRADESH
1356.0,"BETWA BEFORE CONF. YAMUNaN AT HAMIRPUR, U.P.",UTTAR PRADESH
2955.0,"CHAMBAL ENTERING IN RAJASTHAN AT GANDHI SAGAR DAM, KOTA, RAJASTHAN",RAJASTHAN
1288.0,"CHAMBAL AT KOTA U/S (INTAKE PT. NEAR BARRAGE), RAJASTHAN",RAJASTHAN
1289.0,"CHAMBAL AT KOTA D/S (2 KM. FROM CITY),RAJASTHAN",RAJASTHAN
1413.0,"CHAMBAL AT RAMESHWARGHAT NR. SAWAIMADHOPUR, RAJASTHAN",RAJASTHAN
2954.0,"PARVATI BEFORE MEETING RIVER CHAMBAL AT KHATOLI, KOTA, RAJASTHAN",RAJASTHAN
1367.0,KHAN AT KABIT KHEDI (NEAR INDORE) M.P.,MADHYA PRADESH
2953.0,"KALI SINDH AT ANICUT OF M/S CFCL GADEPAN, KOTA, RAJASTHAN",RAJASTHAN
2956.0,"KALI SINDH AT BAROD ROAD BRIDGE, KOTA, RAJASTHAN",RAJASTHAN
2117.0,"BICHIA, BRIDGE GOVINDGARH ROAD",MADHYA PRADESH
2950.0,"BANaNS AT DHANaNRI DAM, NEAR SWAROOPGANJ, SIROHI, RAJASTHAN",RAJASTHAN
2952.0,"BANaNS AT NEAR NEWTA DAM, JAIPUR, RAJASTHAN",RAJASTHAN
2946.0,"UJAD AT UPSTREAM OF BHIM SAGAR DAM, JHALAWAR, RAJASTHAN",RAJASTHAN
1947.0,TEESTA AT SILIGURI,WEST BENGAL
2229.0,"KUNDLI RIVER AT KUNDLI/ SAPAKHOWA, SADIA.",ASSAM
2231.0,DIKHOW RIVER AT DIKHOW BRIDGE SIVASAGAR,ASSAM
2232.0,"KOHORA RIVER AT N.H. CROSSING, KOHORA",ASSAM
2233.0,"BOGINaNDI NEAR BRIDGE NH-52, LAKHIMPUR",ASSAM
2234.0,RANGA NaNDI D/S OF HYDEL PROJECT,ASSAM
2236.0,"KAPILI RIVER AT DHARMTUL BRIDGE, NH-31, NaNGAON",ASSAM
2238.0,BEKI RIVER AT NH-37 CROSSING AT BARPETA ROAD,ASSAM
2239.0,"SANKOSH RIVER, DHUBRI",ASSAM
2240.0,BARAK RIVER AT D/S OF SILCHAR,ASSAM
2241.0,SONaNI RIVER AT SONaNI,ASSAM
2242.0,KUSHIARA RIVER AT KARIMGANJ,ASSAM
2523.0,"KAROLA, D/S OF JALPAIGURI, NEAR MIN BHAWAN",WEST BENGAL
2524.0,"KALJANI D/S OF ALIPURDWAR, MUNICIPALITY DISCHARGE POINT�",WEST BENGAL
2235.0,"PANCHNaNI RIVER AT NH-52 CROSSING, ORANG",ASSAM
1064.0,"RAMGANGA AT KANNaNUJ (BEFORE CONF.),U.P",UTTAR PRADESH
1065.0,"KALINaNDI AT KANNaNUJ (BEFORE CONF.),U.P",UTTAR PRADESH
2482.0,"VARUNaN AT RAMESHWAR, VARANaNSI",UTTAR PRADESH
2483.0,VARUNaN B/C WITH RIVER GANGA AT VARANaNSI,UTTAR PRADESH
1361.0,"SAI AT UNNaNO AFTER DRAIN OUTFALL, U.P.",UTTAR PRADESH
2484.0,"SAI AT JALALPUR, JAUNPUR",UTTAR PRADESH
1350.0,"GOMTI AT SITAPUR U/S AT WATER INTAKE, U.P.",UTTAR PRADESH
1351.0,"GOMTI AT LUCKNOW U/S AT WATER INTAKE POINT,U.P.",UTTAR PRADESH
1352.0,"GOMTI AT LUCKNOW D/S, U.P.",UTTAR PRADESH
1353.0,"GOMTI AT JAUNPUR D/S, U.P.",UTTAR PRADESH
1072.0,"GOMTI AT VARANaNSI, U.P",UTTAR PRADESH
2491.0,"RAPTI AT RAJGHAT, GORAKHPUR",UTTAR PRADESH
1363.0,"RAPTI AFTER CONFL. OF R. HONIN NR. DOMINGARH RLY BRIDGE, GORAKHPUR, U.P.",UTTAR PRADESH
1354.0,"SARYU AT AYODHYA AT MAIN BATHING GHAT, U.P.",UTTAR PRADESH
1355.0,"GHAGHARA AT DEORIA D/S, U.P.",UTTAR PRADESH
2492.0,"GHAGHRA AT BARHALGANJ, GORAKHPUR",UTTAR PRADESH
1076.0,"GHAGHARA NEAR CHAPRA, BIHAR",BIHAR
1359.0,"RIHAND AT RENUKUT U/S, U.P.",UTTAR PRADESH
1360.0,"RIHAND AT RENUKUT D/S, U.P.",UTTAR PRADESH
1075.0,"SONE AT KOELWAR, BIHAR",BIHAR
3121.0,SONE RIVER NEAR BANZARI,BIHAR
3127.0,SONE RIVER AT BAHIYARA,BIHAR
3128.0,SONE RIVER AT NaNSIRIGANJ DAM,BIHAR
1078.0,"GANDAK AT SONEPUR, PATNaN (BEFORE CONFL.),BIHAR",BIHAR
2568.0,"GANDAK AT REWAGHAT, MUJAFFARPUR",BIHAR
2570.0,GANDAK ATSAMASTIPUR ROAD BRIDGE,BIHAR
3124.0,GANDAK RIVER U/S ROAD BRIDGE MUZAFFARPUR (NH),BIHAR
3125.0,GANDAK RIVER GOPALGANJ - PIPRAKOTHI ROAD BRIDGE (DUMARIA GHAT),BIHAR
2575.0,"SIKRAHNaN RIVER AT LAL PARSE, BITTIAH",BIHAR
1820.0,SIKRANaN AT CHANPATIYA,BIHAR
3134.0,SIKRAHNaN RIVER AT LAURIA - HARINaNGAR ROAD BRIDGE,BIHAR
2562.0,"BURHI GANDAK AT AKHARAGHAT, MUZAFFARPUR",BIHAR
2558.0,HARBORA RIVER AT NaNRKATIAGANJ,BIHAR
3126.0,U/S HARBORA RIVER,BIHAR
2567.0,KAMALA RIVER AT BENIPATTI (MADHUBANI),BIHAR
2569.0,KAMALA RIVER AT DARBHANGA,BIHAR
3133.0,KAMALA RIVER AT JAYNaNGAR,BIHAR
2563.0,"MANUSMAR RIVER AT RIGA, SITAMARHI",BIHAR
2565.0,KOSHI RIVER AT KURSHELA AT KATIHAR,BIHAR
2566.0,KOSHI RIVER AT MADHEPURA,BIHAR
3137.0,KOSHI RIVER AT BEERPUR,BIHAR
1821.0,DAHA AT SIWAM,BIHAR
2560.0,D/S DAHA RIVER AT SASAMUSA,BIHAR
2561.0,"DAHA RIVER AT ITWA BRIDGE, SIWAN",BIHAR
3129.0,DAHA RIVER AT MEERGANJ,BIHAR
1823.0,DHOUS AT MADHUBANI,BIHAR
1824.0,FARMAR AT JOGBANI,BIHAR
2559.0,RAM REKHA RIVER AT HARINaNGAR,BIHAR
3130.0,RAM REKHA RIVER AT U/S HARINaNGAR,BIHAR
1822.0,SIRSA AT RUXOL,BIHAR
3132.0,BAGMATI RIVER AT MUZAFFARPUR - SITAMARHI ROAD BRIDGE,BIHAR
3135.0,BAGMATI RIVER AT DARBHANGA - SAMASTIPUR ROAD BRIDGE,BIHAR
3119.0,PUNPUN RIVER NEAR PUNPUN RAIL BRIDGE,BIHAR
3120.0,PUNPUN RIVER NEAR KINZER ROAD BRIDGE,BIHAR
3136.0,SIRSIA RIVER D/S RAXAUL (KOERIA TOLA),BIHAR
1023.0,"GHAGGAR AT MUBARAKPUR REST HOUSE (PATIALA), PUNJAB",PUNJAB
1024.0,"GHAGGAR AT 100M D/S CONF. WITH R. SARASWATI (PATIALA),PUNJAB",PUNJAB
1295.0,"GHAGGAR NEAR BANKARPUR,DERA BASSI,PUNJAB",PUNJAB
1473.0,"GHAGGAR AT RATANHERI, D/S OF PATIALA NaNDI (AFTER CONFL.), PUNJAB",PUNJAB
1698.0,"D/S CHHATBIR, PUNJAB",PUNJAB
1699.0,"U/S DHAKANSU NaNLLAH, PUNJAB",PUNJAB
1700.0,"D/S DHAKANSU NaNLLAH, PUNJAB",PUNJAB
1701.0,"D/S JHARMAL NaNDI, PUNJAB",PUNJAB
1702.0,"U/S JHARMAL NaNDI, PUNJAB",PUNJAB
1703.0,"GHAGGER AT MOONaNK, PUNJAB",PUNJAB
1704.0,"D/S SARDULGARH, PUNJAB",PUNJAB
1705.0,"U/S SARDULGARH, PUNJAB",PUNJAB
1718.0,"GAGGAR RIVER WHEN ENTERING IN RAJASTHAN FROM HARYANaN NEAR RD NO. 629, RAJASTHAN",RAJASTHAN
1871.0,"RIVER MARKANDA AT PAONTA, DISTT. SIRMOUR, H.P.",HIMACHAL PRADESH
2624.0,MARKANDA U/S KALA AMB,HIMACHAL PRADESH
2625.0,MARKANDA D/S KALA AMB/ BOUNDARY OF HARYANaN,HIMACHAL PRADESH
1870.0,"RIVER SUKHANaN AT PARWANOO, DISTT. SOLAN, H.P.",HIMACHAL PRADESH
2947.0,"RIVER JAWAI AT JAWAI DAM, SIROHI, RAJASTHAN",RAJASTHAN
1717.0,"KODRA DAM, MOUNT ABU, RAJASTHAN",RAJASTHAN
2948.0,"RIVER BANDI AT HEMAWAS DAM, PALI, RAJASTHAN",RAJASTHAN
2949.0,"RIVER LUNI AT RANaNKPUR DAM, RANaNKPUR, PALI, RAJASTHAN",RAJASTHAN
2651.0,"AMBA RIVER AT D/S OF WAKEN BRIDGE-U/S OF JS PETROCHEMICALS, WAKENPHATA, ROHA",MAHARASHTRA
1461.0,"BHATSA AT D/S OF PISE DAM NEAR PISE VILLAGE (ULHAS), MAHARASHTRA",MAHARASHTRA
2653.0,"BHATSA RIVER AT D/S OF LIBERTY OIL MILLS, SATNEL, SHAHAPUR, THANE",MAHARASHTRA
2654.0,"BHATSA RIVER AT U/S OF LIBERTY OIL MILLS, SATNEL, SHAHAPUR, THANE",MAHARASHTRA
1092.0,"KALU AT ATALE VILLAGE, MAHARASHTRA",MAHARASHTRA
2670.0,"KAN RIVER, NEAR SAKRI WATER WORKS, SAKRI, DHULE.",MAHARASHTRA
1152.0,"KUNDALIKA AT ROHA CITY, MAHARASHTRA",MAHARASHTRA
2198.0,KUNDALIKA RIVER AT ARE KHURD ( SALINE ZONE ),MAHARASHTRA
2671.0,"KUNDALIKA RIVER NEAR SALAV BRIDGE (SALINaN ZONE), SALAV, ROHA, RAIGAD",MAHARASHTRA
2672.0,"KUNDALIKA RIVER AT DHATAV AT JACKWELL (DRINKING WATER��PUMPING STATION-SWEET ZONE), ROHA",MAHARASHTRA
2168.0,MITHI RIVER,MAHARASHTRA
1151.0,"PATALGANGA AT SHILPHATA, MAHARASHTRA",MAHARASHTRA
1462.0,"PATALGANGA NEAR INTAKE OF MIDC W/W, MAHARASHTRA",MAHARASHTRA
2685.0,"PATALGANGA RIVER AT D/S OF KHARPADA BRIDGE, RAIGAD.",MAHARASHTRA
2686.0,"PATALGANGA RIVER AT VYAL PUMP HOUSE , KHALAPUR, RAIGAD.",MAHARASHTRA
2687.0,"PATALGANGA RIVER AT KHALAPUR PUMPING STATION, KHALAPUR, RAIGAD.",MAHARASHTRA
2688.0,"PATALGANGA RIVER AT SAVROLI BRIDGE, KHALAPUR, RAIGAD.",MAHARASHTRA
2689.0,"PATALGANGA RIVER AT GAGANGIRI MAHARAJ TEMPLE, KHOPOLI, RAIGAD.",MAHARASHTRA
2696.0,"PEHLAR DAM ON PEHLAR RIVER INLET OF WATER WORKS, VASAI, THANE.",MAHARASHTRA
2706.0,"SURYA RIVER, U/S OF SURYA DAM, DHAMMI, VIKRAMGAD, THANE",MAHARASHTRA
2707.0,"SURYA RIVER AT MIDC PUMPING STATION, GARVASHET, PALGHAR, THANE",MAHARASHTRA
2708.0,"SURYA RIVER AT INTAKE OF VASAI-VIRAR W/S SCHEME, MASVAN, PALGHAR, THANE",MAHARASHTRA
2709.0,"TANSA RIVER NEAR ROAD BRIDGE, VILLAGE DAKEWALI, WADA, THANE",MAHARASHTRA
1093.0,"ULHAS AT U/S OF NRC BUND AT MOHANE, MAHARASHTRA",MAHARASHTRA
1094.0,"ULHAS AT U/S OF BADLAPUR, MAHARASHTRA",MAHARASHTRA
2162.0,ULHAS RIVER ATJAMBHUL WATER WORKS.,MAHARASHTRA
2712.0,"VAITARNaN RIVER NEAR ROAD BRIDGE, GANDHARE VILLAGE, WADA, THANE.",MAHARASHTRA
1189.0,"BHIMA AT PUNE U/S VITHALWADI, MAHARASHTRA",MAHARASHTRA
2655.0,"BHIMA RIVER AT KOREGAON NEAR KOREGAON BRIDGE, SHIRUR, PUNE",MAHARASHTRA
2656.0,"BHIMA RIVER-BACKWATER OF UJANI DAM NEAR RAW WATER PUMP HOUSE, KUMBARGAON, INDAPUR, PUNE",MAHARASHTRA
1190.0,"BHIMA AT PUNE, D/S OF BUNDGARDEN,MAHARASHTRA",MAHARASHTRA
1191.0,BHIMA AT PARGAON (AFTER CONFL.WITH MULE MARTHA) MAHARASHTRA.,MAHARASHTRA
1192.0,"BHIMA AFTER CONF. WITH DAUNT, MAHARASHTRA",MAHARASHTRA
1188.0,"BHIMA AT NaNRSINGHPUR,(D/S AF.CONFL.WITH R.NIRA),MAHARASHTRA",MAHARASHTRA
28.0,"BHIMA AT TAKLI, MAHARASHTRA",MAHARASHTRA
1183.0,"BHIMA AT D/S OF ROAD BRIDGE AT GANGAPUR VILLAGE,KARNaNTAKA",KARNaNTAKA
1184.0,"BHIMA AT FEROZABAD VILLAGE (D/S), KARNaNTAKA",KARNaNTAKA
1167.0,"BHIMA AT D/S OF BDG. NEAR YADGIR,KARNaNTAKA",KARNaNTAKA
1888.0,BHIMA RIVER AT CONFLUENCE OF JEWARGI TOWN SEWAGE DISPOSAL POINT,KARNaNTAKA
1399.0,"ZUARI AT D/S OF PT. WHERE KUMBARJRIA CANaNL JOINS, GOA",GOA
1475.0,ZUARI AT PANCHAWADI,GOA
3181.0,RIVER ZUARI AT BORIM BRIDGE,GOA
3182.0,RIVER ZUARI AT MARCAIM JETTY,GOA
1400.0,"MANDOVI AT NEGHBOURHOOD OF PANaNJI, GOA",GOA
1476.0,"MANDOVI AT TONCA, MARCELA, GOA",GOA
3185.0,RIVER MANDOVI AT AMONaN BRIDGE,GOA
3186.0,RIVER MANDOVI AT IFFI JETTY,GOA
3187.0,RIVER MANDOVI NEAR HOTEL MARRIOT,GOA
1543.0,"RIVER KALNaN AT CHANDEL- PERNEM, GOA",GOA
1548.0,"RIVER ASSONORA AT ASSONORA, GOA",GOA
2276.0,"RIVER BICHOLIM VARAZAN NaNGAR , BICHOLIM",GOA
2275.0,"RIVER CHAPORA NEAR ALORNaN FORT ,PERNEM",GOA
3189.0,RIVER CHAPORA AT SIOLIM,GOA
1546.0,"RIVER KHANDEPAR AT OPA - PONDA, GOA",GOA
2270.0,"RIVER KHANDEPAR AT CODLI NEAR BRIDGE ,U/S OPA WATERWORKS,SANGUEM",GOA
2272.0,"RIVER KUSHAWATI NEAR BUND AT KEVONaN,RIVON,SANGUEM",GOA
1545.0,"RIVER MADAI AT DABOS -��VALPOI, GOA",GOA
2274.0,RIVER MAPUSA ON CULVERT ON HIGHWAY MAPUSA-PANaNJI,GOA
2271.0,"RIVER SAL PAZORKHONI,CUNCOLIM(NEAR CULVERT MARGAO- CANaNCONaN NaNTIONaNL HIGHWAY)",GOA
2273.0,"RIVER SAL NEAR HOTEL LEELA MOBOR,CAVELOSSIM",GOA
3183.0,"RIVER SAL AT KHAREBAND, MARGAO",GOA
3184.0,"RIVER SAL AT ORLIM BRIDGE, ORLIM",GOA
3190.0,RIVER SINQUERIM (CANDOLIM SIDE NEAR BRIDGE),GOA
3191.0,RIVER SINQUERIM NEAR NERUL TEMPLE,GOA
1547.0,"RIVER TALPONaN AT CANaNCONaN, GOA",GOA
3188.0,RIVER TIRACOL AT TIRACOL,GOA
1544.0,"RIVER VALVANT AT SANKLI - BICHOLIM, GOA",GOA
2673.0,"MANJRA RIVER AT D/S OF LATUR, NEAR LATUR- NaNDED BRIDGE AT BHATKHEDA, LATUR.",MAHARASHTRA
2374.0,RIVER MANJEERA AT GOWDICHARLA B/C WITH NaNKKAVAGU,ANDHRA PRADESH
2375.0,RIVER MANJEERA AT GOWDICHARLA A/C WITH NaNKKAVAGU,ANDHRA PRADESH
1781.0,"MANJEERA RIVER - NEAR GANaNPATHI SUGARS , MEDAK DIST., A.P",ANDHRA PRADESH
1157.0,"MANJERA AT RAIPALLU, A.P.",ANDHRA PRADESH
1891.0,MANJRA AT D/S IN INTAKE POINT TO BIDAR CITY,KARNaNTAKA
2719.0,"WARDHA RIVER AT D/S OF ERAI RIVER, HADASTI, CHANDRAPUR.",MAHARASHTRA
2720.0,"WARDHA RIVER AT U/S OF ERAI RIVER, HADASTI, CHANDRAPUR.",MAHARASHTRA
2721.0,"WARDHA RIVER AT U/S OF ACC GHUGGUS, CHANDRAPUR.",MAHARASHTRA
2174.0,WARDHA RIVER D/S OF ACC GHUGGUS.,MAHARASHTRA
2156.0,WARDHA RIVER AT CONFLUENCE POINT OF PENGANGA & WARDHA AT JUAD.,MAHARASHTRA
1212.0,"WARDHA AT RAJURA BRIDGE, MAHARASHTRA",MAHARASHTRA
1213.0,"WAINGANGA AT BALAGHAT, M.P.",MADHYA PRADESH
1214.0,"WAINGANGA AT CHINDWARA, M.P.",MADHYA PRADESH
3330.0,"WAINGANGA AT CHHAPARA, NEAR W/S INTAKE POINT, JABALPUR",MADHYA PRADESH
1910.0,WAINGANGA AFTER CONLUENCE WITH KANHAN,MAHARASHTRA
2173.0,WAINGANGA RIVER U/S OF ELLORA PAPER MILL.,MAHARASHTRA
2172.0,WAINGANGA RIVER D/S OF ELLORA PAPER MILL.,MAHARASHTRA
2175.0,"WAINGANGA U/S OF GAURAV PAPER MILLS, NEAR JACKWELL.",MAHARASHTRA
2176.0,"WAINGANGA D/S OF GAURAV PAPER MILLS, NEAR JACKWELL.",MAHARASHTRA
11.0,"WAINGANGA AT ASHTI, MAHARASHTRA",MAHARASHTRA
1908.0,KOLAR BEFORE CONFLUENCE TO KANHAN AT KAMPTEE,MAHARASHTRA
3312.0,"KANHAN AT CHINDWARA BEFORE MIXING BOREGAON GROWTH CENTRE NaNLLA, JABALPUR",MADHYA PRADESH
1909.0,KANHAN D/S OF NaNGPUR,MAHARASHTRA
2170.0,"KANHAN RIVER U/S OF M/S VIDHARBHA PAPER MILL, SINORA.",MAHARASHTRA
2171.0,"KANHAN RIVER D/S OF M/S VIDHARBHA PAPER MILL, SINORA.",MAHARASHTRA
1913.0,PURNaN AT DHUPESHWAR,MAHARASHTRA
2700.0,"PURNaN RIVER NEAR ACHALPUR-AMRAVATI ROAD BRIDGE, ASEGAON, CHANDUR BAZAR, AMRAVATI",MAHARASHTRA
1315.0,"NIRA AT PULGAON COTTON MILL, WARDHA, MAHARASHTRA",MAHARASHTRA
2372.0,"KINNERASANI A/C OF KTPS ASH POND EFFLUENTS, KHAMMAM",ANDHRA PRADESH
2657.0,"BINDUSARA RIVER AT BEED NEAR INTAKE WATER PUMP HOUSE AT DAM, PALIGAON, BEED",MAHARASHTRA
2660.0,"DARNaN RIVER AT CHEHEDI PUMPING STATION, NaNSHIK.",MAHARASHTRA
2661.0,"DARNaN RIVER AT ASWALI ( DARNaN DAM), IGATPURI, NaNSHIK",MAHARASHTRA
2662.0,"DARNaN RIVER AT MES SITE PUMPING STATION, BHAGUR, NaNSHIK.",MAHARASHTRA
2663.0,"DARNaN RIVER AT BHAGUR PUMPING STATION NEAR PANDHURLI BRIDGE, BHAGUR, NaNSHIK.",MAHARASHTRA
2664.0,"DARNaN RIVER AT SANSARI, NaNSHIK.",MAHARASHTRA
2697.0,"PENGANGA RIVER NEAR WATER SUPPLY SCHEME OF UMARKHED MC BELKHED, UMARKHED, YAVATMAL",MAHARASHTRA
2698.0,"PENGANGA RIVER D/S OF ISAPUR DAM, ISAPUR, PUSAD, YAVATMAL",MAHARASHTRA
2699.0,"PENGANGA RIVER AT MEHKAR-BULDANaN ROAD BRIDGE, MEHKAR, BULDANaN",MAHARASHTRA
2722.0,"WENaN RIVER��AT U/S OF MOHATA MILLS, NEAR RAILWAY BRIDGE, HINGANGHAT",MAHARASHTRA
2723.0,"WENaN RIVER AT D/S OF MOHATA MILLS, NR RD BRG ON HINGANGHAT-WADNER ROAD",MAHARASHTRA
1185.0,"GHATPRABHA AT D/S OF MUDHOL RD. CROSS BDG., KARNaNTAKA",KARNaNTAKA
1163.0,"GHATPRABHA AT W.A. POINT TO GOKAK TOWN,KARNaNTAKA",KARNaNTAKA
1187.0,"MALPRABHA AT D/S OF KHANaNPUR VILLAGE,KARNaNTAKA",KARNaNTAKA
1164.0,"MALPRABHA AT WATER ABSTR. PT. TO HUBLI,DHARWAR,KARNaNTAKA",KARNaNTAKA
1186.0,"MALPRABHA AT D/S OF AIHOLE TOWN, KARNaNTAKA",KARNaNTAKA
2764.0,"MALPRABHA AT BADAMI BRIDGE, KARNaNTAKA",KARNaNTAKA
38.0,"TUNGHABHADRA AT HONNaNLI BRIDGE, KARNaNTAKA",KARNaNTAKA
1029.0,"TUNGHABHADRA AT HARALAHALLI BRIDGE, KARNaNTAKA",KARNaNTAKA
29.0,"TUNGHABHADRA AT ULLANUR, KARNaNTAKA",KARNaNTAKA
2768.0,"TUNGABHADRA AT D/S OF HPF, KARNaNTAKA",KARNaNTAKA
2769.0,"TUNGABHADRA AT JACKWELL POINT, KARNaNTAKA",KARNaNTAKA
2770.0,"TUNGABHADRA AT HARIHAR WATER SUPPLY INTAKE, KARNaNTAKA",KARNaNTAKA
2776.0,"TUNGABHADRA AT D/S OF GANGAWATHI, KARNaNTAKA",KARNaNTAKA
2766.0,"TUNGABHADRA AT NEW BRIDGE, KARNaNTAKA",KARNaNTAKA
2767.0,"TUNGABHADRA AT U/S OF HPF, KARNaNTAKA",KARNaNTAKA
1174.0,"TUNGHABHADRA AT KURNOOL U/S, BAVAPURAM, A.P.",ANDHRA PRADESH
1785.0,"TUNGHABHADRA AT MANTHRALAYAM , KURNOOL DIST., A.P",ANDHRA PRADESH
1168.0,"TUNGHA AT D/S OF SHIMOGA TOWN, KARNaNTAKA",KARNaNTAKA
1896.0,CONFLUENCE POINT OF TUNGA AND BHADRA AT KUDLI,KARNaNTAKA
1091.0,BHADRA AT MALLESWARAM D/S OF KIOCL KARNaNTAKA,KARNaNTAKA
1387.0,"BHADRA AT D/S OF BHADRAVATHI, KARNaNTAKA",KARNaNTAKA
1169.0,"BHADRA AT D/S OF KIOCL ROAD BRIDGE, NEAR HOLEHUNNUR,KARNaNTAKA",KARNaNTAKA
2765.0,"BHADRA AT U/S OF MPM, KARNaNTAKA",KARNaNTAKA
2771.0,"BHADRA AT U/S OF KIOCL, KARNaNTAKA",KARNaNTAKA
3082.0,"RIVER MUSI RESERVOIR AT KASANIGUDA,��NaNLGONDA, A.P.",ANDHRA PRADESH
1178.0,"PALLERU BEFORE CONFL. WITH KRISHNaN, JAGGAYYAPET, A.P.",ANDHRA PRADESH
1177.0,"MUNERU BEFORE CONFL. WITH KRISHNaN, NaNDIGAMA, A.P.",ANDHRA PRADESH
1895.0,KAGINaN D/S OF SEWAGE DISPOSAL POINT,KARNaNTAKA
2777.0,"KAGINaN AT SHAHABAD BRIDGE, KARNaNTAKA",KARNaNTAKA
2349.0,"RIVER NaNKKAVAGU, BACHUGUDEM,MEDAK",ANDHRA PRADESH
2351.0,"RIVER KUNDU, NaNDYAL, NEAR OVER BDG., KURNOOL",ANDHRA PRADESH
2763.0,"ASANGI NaNLLA AT ASANGI VILLAGE, KARNaNTAKA",KARNaNTAKA
1549.0,"SALAULIM LAKE AT SALAULIM - SANGUEM, GOA",GOA
2269.0,"MAYEM LAKE, BICHOLIM",GOA
3175.0,ANJUNEM LAKE,GOA
3176.0,RUMDER LAKE,GOA
3177.0,CARAMBOLIM LAKE,GOA
3178.0,RAIA LAKE,GOA
3179.0,SAIPEM LAKE,GOA
3180.0,CURTORIM LAKE,GOA
1343.0,AHMEDABAD,GUJARAT
1344.0,AHMEDABAD,GUJARAT
1345.0,"AJWAH LAKE AT SARI SAYAJI SABVAR, BARODA",GUJARAT
1346.0,"SURSAGAR LAKE AT BARODA, GUJARAT",GUJARAT
1975.0,LAKHOTA TALAV,GUJARAT
1976.0,NaNRSINHMEHTA TALAV,GUJARAT
1979.0,"OLPAD, VILLAGE POND OLPAD, SURAT",GUJARAT
1971.0,THOL TANK (KALOL) (DIST MEHSANaN),GUJARAT
1373.0,"UPPER LAKE AT BHOPAL (INTAKE POINT), M.P.",MADHYA PRADESH
1374.0,LOWER LAKE AT BHOPAL OUTLET M.P.,MADHYA PRADESH
1466.0,MULTAI TANK LAKE AT VILLA. KHARI ON BETUL-AMRAVATI ROAD M.P.,MADHYA PRADESH
2128.0,KHANDARI RESERVOIR WATER OFF TAKE POINT,MADHYA PRADESH
2129.0,PERIAT TANK JABALPUR,MADHYA PRADESH
2135.0,GOVINDGARH TANK,MADHYA PRADESH
2136.0,"SHAHPURA LAKE AT WEIR NEAR AYUSHMAN HOSPITAL, BHOPAL",MADHYA PRADESH
2137.0,UPPER LAKE AT YATCH CLUB,MADHYA PRADESH
2138.0,UPPER LAKE AT KARBALA CLUB,MADHYA PRADESH
2139.0,UPPER LAKE AT BAIRAGARH CLUB,MADHYA PRADESH
2140.0,"KERWA DAM NEAR REST HOUSE, BPL",MADHYA PRADESH
2141.0,JANUNIA TALAB NEAR W/S,MADHYA PRADESH
3299.0,HANUMANTAL JABALPUR,MADHYA PRADESH
3300.0,"RANITAL TALAB, JABALPUR",MADHYA PRADESH
3301.0,MOTI TALAB AT BALAGHAT,MADHYA PRADESH
1285.0,"PICHOLA LAKE AT UDAIPUR (WATER INTAKE POINT), RAJASTHAN",RAJASTHAN
1286.0,UDAISAGAR LAKE AT UDAIPUR (INTAKE PT.) RAJASTHAN,RAJASTHAN
1414.0,"PUSHKAR LAKE, RAJASTHAN",RAJASTHAN
1481.0,"FATEH SAGAR LAKE AT UDAIPUR INTAKE POINT OF PHED,RAJASTHAN",RAJASTHAN
1714.0,"KAYALANaN JHEEL JODHPUR, RAJASTHAN",RAJASTHAN
1716.0,"NaNKKI LAKE, MT. ABU, RAJASTHAN",RAJASTHAN
2935.0,"LAKE JET SAGAR, BUNDI, RAJASTHAN",RAJASTHAN
2936.0,"JAISAMAND LAKE, ALWAR, RAJASTHAN",RAJASTHAN
2937.0,"LAKE SILISERH, ALWAR, RAJASTHAN",RAJASTHAN
2938.0,"LAKE RAJSAMAND, RAJSAMAND- POINT NO. 1, RAJSAMAND, RAJASTHAN",RAJASTHAN
2939.0,"LAKE RAJSAMAND, RAJSAMAND- POINT NO. 2, RAJSAMAND, RAJASTHAN",RAJASTHAN
2940.0,"GAPE- SAGAR LAKE, DUNGARPUR, RAJASTHAN",RAJASTHAN
2941.0,"LAKE JAISAMAND, SALUMBER, UDAIPUR, POINT NO. 1, RAJASTHAN",RAJASTHAN
2942.0,"LAKE JAISAMAND, SALUMBER, UDAIPUR, POINT NO. 2, RAJASTHAN",RAJASTHAN
2943.0,"LODHA TALAB, BANSWARA- DUNGARPUR ROAD, BANSWARA, RAJASTHAN",RAJASTHAN
2944.0,"JALMAHAL, JAIPUR, RAJASTHAN",RAJASTHAN
1342.0,"ACHENKOIL AT THUMPAMON, KERALA",KERALA
1443.0,"ACHENKOIL AT CHENNITHULA, KERALA",KERALA
3465.0,"ACHENKOIL AT KALLARAKADAVU, PATHANaNMTHITTA",KERALA
3466.0,"ACHENKOIL AT PANDALAM (NEAR AYYAPPA TEMPLE), PATHANaNMTHITTA",KERALA
2297.0,R ANCHARAKANDY AT MERUVAMBA,KERALA
2319.0,R ANCHARAKANDY AT MERUVAMBA,KERALA
2286.0,R AYROOR AT AYROOR BRIDGE,KERALA
2331.0,R BHARATHAPUZHA AT KUTTIPPURAM,KERALA
2332.0,R BHARATHAPUZHA AT PATTAMBI,KERALA
1154.0,"CHALAKUDY AT PULICKALKANaNDAVU, KERALA",KERALA
20.0,"CHALIYAR AT KOOLIMADU, KERALA",KERALA
21.0,"CHALIYAR AT CHUNGAPALLY, KERALA",KERALA
3464.0,"CHALIYAR AT NILAMBUR, MALAPPURAM",KERALA
1572.0,"CHANDRAGIRI AT PADIYATHADKA, KERALA",KERALA
1573.0,"CHITRAPUZHA AT IRUMPANaNM, KERALA",KERALA
2295.0,R CORAPUZHA AT KANaNYANKODE,KERALA
1564.0,"R ITHIKKARA AT AYUR, KERALA",KERALA
2287.0,R ITHIKKARA AT ITHIKKARA,KERALA
1566.0,"R KADALUNDI AT THIRURANGADY, KERALA",KERALA
2293.0,R KADALUNDI AT HAJIRAPPALLY,KERALA
2337.0,R KADAMBAYAR AT BRAHMAPURAM,KERALA
2338.0,R KADAMBAYAR AT MANCKAKADAVU,KERALA
42.0,"KALLADA AT PERUMTHOTTAMKADAVU, PUNaNLOOR, KERALA",KERALA
2294.0,R KALLAI AT KALLAI BRIDGE,KERALA
3460.0,"KALPATHI PUZHA AT KALPATHI, PALAKKAD",KERALA
3458.0,KARAPUZHA DAM AT WAYANaND,KERALA
1571.0,"R KARINGODE AT KAKKADAVU,  KERALA",KERALA
1155.0,"KARAMANaN AT MOONNaNTTUMUKKU, KERALA",KERALA
3471.0,"RIVER KARAMANaN AT ARUVIKARA, THIRUVANaNTHAPURAM",KERALA
2289.0,R KARUVANNURR AT KARUVANNUR BRIDGE,KERALA
2301.0,R KAVVAI AT KUTTIYOL PALAM,KERALA
2291.0,R KEECHERI AT VADAKKANCHERY BRIDGE,KERALA
2326.0,R KORAYAR AT KANJIKODE,KERALA
1569.0,"R KUPPAM AT THALIPARAMBA, KERALA",KERALA
2298.0,R KUPPAM AT RAYAROM,KERALA
1567.0,"R KUTTIYADE AT KUTTIYADY ESTATE, KERALA",KERALA
1568.0,"R MAHE AT VALAYAM, KERALA",KERALA
2285.0,R MAMOM AT MAMOM BRIDGE,KERALA
1340.0,"MANIMALA  AT KALLOOPARA, KERALA",KERALA
1384.0,"MANIMALA AT THONDRA, KERALA",KERALA
3459.0,"MANIYANKODE PUZHA AT MANIYANKODE BRIDGE, WAYANaND",KERALA
2307.0,R MANJESWAR AT BAJRAKKARA BR.,KERALA
1339.0,"MEENaNCHIL AT KIDANGOOR, KERALA",KERALA
2304.0,R MOGRAL AT MOGRAL BR.,KERALA
43.0,"MUVATTAPUZHA AT VETTIKKATTUMUKKU, KERALA",KERALA
2302.0,R NEELASWARAM AT NaNMBIARKAL DAM,KERALA
1570.0,"R NEELESWARAM AT HOSDURG, KERALA",KERALA
1563.0,"R NEYYAR AT AMARAVILA, KERALA",KERALA
2284.0,R NEYYAR AT ARUVIPURAM,KERALA
2288.0,R PALLICKAL AT NELLIMUKAL,KERALA
1156.0,"PAMBA AT CHENGANNUR, KERALA",KERALA
1341.0,"PAMBA AT THAKAZHY, KERALA",KERALA
1565.0,"PAMBA DOWN, KERALA",KERALA
17.0,"PERIYAR NEAR ALWAYENaNELOOR, KERALA",KERALA
18.0,"PERIYAR AT KALADY, KERALA",KERALA
1338.0,"PERIYAR AT SEWAGE DISCHARGE POINT, KERALA",KERALA
2333.0,RIVER PERIYAR AT MUPPATHADAM,KERALA
2334.0,RIVER PERIYAR AT PATHALAM,KERALA
2335.0,R PERIYAR AT KALAMASSERY,KERALA
2336.0,R PERIYAR AT PURAPPALLIKAVU,KERALA
3468.0,"PERIYAR AT KWA INTAKENaN ALUVA, ERNaNKULAM",KERALA
2300.0,R PERUVAMBA AT CHANDAPPURA,KERALA
2303.0,R PULLUR AT PULLUR BR.,KERALA
2290.0,R PUZHACKAL AT PUZHACKAL BRIDGE,KERALA
2299.0,R RAMAPURAM AT RAMAPURAM BRIDGE,KERALA
2305.0,R SHRIYA AT ANGADIMOGARU,KERALA
2296.0,R THALLASSERY AT PATHIPPALAM,KERALA
2292.0,R THIRUR AT THALAKKADATHUR BRIDGE,KERALA
2306.0,R UPPALA AT  UPPALA BR.,KERALA
3473.0,"RIVER VALAPATTANaNM AT PARASSINIKADAVU, KANNUR",KERALA
1442.0,"VAMANaNPURAM, KERALA",KERALA
1448.0,"NaNGAVALLI AT THOTAPALLI REGULATOR, A.P.",ANDHRA PRADESH
2352.0,"RIVER VAMSHADHARA, KALINGAPATNaNM,VIZIANaNGARAM",ANDHRA PRADESH
3080.0,"U/S OF KARAKAVAGU AT PALONCHA,  KHAMMAM, A.P.",ANDHRA PRADESH
3081.0,"D/S OF KARAKAVAGU AT PALONCHA,  KHAMMAM, A.P.",ANDHRA PRADESH
1444.0,"KALI AT D/S WEST COAST PAPER MILL, KARNaNTAKA",KARNaNTAKA
2780.0,"KALI AT U/S OF WCPM, DANDELI, KARNaNTAKA",KARNaNTAKA
1894.0,KUMARADHARA NaN U/S OF UPPINaNGADY TOWN BEFORE CONFLUENCE WITH RIVER NETHRAVATHI,KARNaNTAKA
1892.0,NETRAVATHI U/S OF DHARMASTALA AT WATER SUPPLY INTAKE POINT,KARNaNTAKA
2423.0,"BUDHABALANGA, D/S OF BARIPADA TOWN",ODISHA
2424.0,BUDHABALANGA AT BALASORE D/S,ODISHA
2425.0,"RIVER KERANDI(INTAKE WELL OF NaNLCO REFINaNRY, HAL, SUNaNBEDA)",ODISHA
2422.0,"NaNGAVALLI AT PENTA U/S, JAYKAYPUR TOWN",ODISHA
1642.0,"NaNGAVALLI AT JAYKAYPUR D/S, ODISHA",ODISHA
1643.0,"NaNGAVALLI AT RAYAGADA D/S, ODISHA",ODISHA
1455.0,"RUSHIKULYA AT GANJAM U/S, ODISHA",ODISHA
1456.0,"RUSHIKULYA AT GANJAM D/S, ODISHA",ODISHA
2426.0,VANSADHARA AT MUNIGUDA (D/S OF M/S VEDANTAALUMINaN PROJECT),ODISHA
2427.0,VANSADHARA ATGUNUPUR (INTERSTATE BOUNDRY),ODISHA
1450.0,"PALAR AT VANIYAMBADI WATER SUPPLY HEAD WORK, TAMILNaNDU",TAMILNaNDU
1159.0,"TAMBIRAPARANI AT BDG.NR. MADURA COATS LTD.PAPAVINaNSAM,TAMILNaNDU",TAMILNaNDU
1160.0,"TAMBIRAPARANI AT CHERANMADEVI,CAUSE WAY,TAMILNaNDU",TAMILNaNDU
1161.0,"TAMBIRAPARANI AT TIRUNELVELI,COLLECTORATE,TAMILNaNDU.",TAMILNaNDU
1162.0,"TAMBIRAPARANI AT MURAPPANaNDU, TAMILNaNDU",TAMILNaNDU
1328.0,"TAMBIRAPARANI AT PAPPANKULAM,TAMILNaNDU",TAMILNaNDU
1329.0,"TAMBIRAPARANI AT RAIL BDG. NR. AMBASAMUDAM, TAMILNaNDU",TAMILNaNDU
1330.0,"TAMBIRAPARANI AT ARUMUGANERI, TAMILNaNDU",TAMILNaNDU
3025.0,"TAMBIRAPARANI AT ERAL, THOTHUKUDI, TAMILNaNDU",TAMILNaNDU
3026.0,"TAMBIRAPARANI AT KALLIDAI KURICHI, TIRUNELVELI, TAMILNaNDU",TAMILNaNDU
3027.0,"TAMBIRAPARANI AT SRIVAIKUNTAM, D/S OF SK ANaNICUT, TIRUNELVELI, TAMILNaNDU",TAMILNaNDU
3028.0,"TAMBIRAPARANI AT VELLAKOIL, TIRUNELVELI, TAMILNaNDU",TAMILNaNDU
3029.0,"TAMBIRAPARANI AT SIVALAPERI, CONFLUENCE POINT OF KUTTRALAM FALLS, D/S OF PALAYAMKOTTAI, TIRUNELVELI, TAMILNaNDU",TAMILNaNDU
3023.0,"VASISTA AT SALEM, D/S OF SAGO INDUSRIES EFFLUENT, TAMILNaNDU",TAMILNaNDU
3383.0,"BUGI RIVER AT MIBANPARA, SOUTH GARO HILLS",MEGHALAYA
3384.0,"BUGI RIVER AT DALU, SOUTH GARO HILLS",MEGHALAYA
3380.0,"DAMRING RIVER (KRISHNEI RIVER) AT RESUBELPARA, EAST GARO HILLS",MEGHALAYA
1632.0,"GANOL RIVER TURA, MEGHALAYA",MEGHALAYA
1428.0,"KYRHUKHLA NEAR SUTNGA KHLIERIAT,JAINTIA HILLS DT.,MEGHALAYA",MEGHALAYA
3369.0,"KYNSHI RIVER AT SOHIONG, WEST KHASI HILLS",MEGHALAYA
3370.0,"KYNSHI RIVER AT NaNGKHNUM, WEST KHASI HILLS",MEGHALAYA
3371.0,"KYNSHI RIVER AT RANIKOR, WEST KHASI HILLS",MEGHALAYA
3375.0,LUKHA RIVER AT MYNDIHATI (TRIBUTARY OF LUNaNR),MEGHALAYA
3376.0,LUKHA RIVER AT SUNaNPUR (TRIBUTARY OF LUNaNR),MEGHALAYA
3381.0,"MANDA RIVER (DUDHAI RIVER) AT JAMPA, EAST GARO HILLS",MEGHALAYA
3382.0,"MANDA RIVER (DUDHAI RIVER) AT WAGAISI, EAST GARO HILLS",MEGHALAYA
3377.0,"MYNTANG RIVER AT NaNRTIANG, JAYANTIA HILLS",MEGHALAYA
3378.0,"MYNTANG RIVER AT MYNSO, JAYANTIA HILLS",MEGHALAYA
1631.0,"MYNTDU RIVER JOWAI, MEGHALAYA",MEGHALAYA
3379.0,"MYNTDU RIVER AT LESHKA, JAYANTIA HILLS",MEGHALAYA
3367.0,"NONBAH RIVER AT NaNGSTOIN MARKE, WEST KHASI HILLS",MEGHALAYA
3368.0,"NONBAH RIVER AT NaNGSTOIN MARKE, WEST KHASI HILLS",MEGHALAYA
3372.0,"RILANG RIVER AT MAWKYRWAT, WEST KHASI HILLS",MEGHALAYA
1633.0,"SIMSANG RIVER WILLIAMNaNGAR, MEGHALAYA",MEGHALAYA
3353.0,"UMIAM MAWPHLANG RIVER AT NONGKREM, EAST KHASI HILLS",MEGHALAYA
3354.0,"UMIAM MAWPHLANG RIVER AT UMTYNGNGAR, EAST KHASI HILLS",MEGHALAYA
3355.0,"UMIAM MAWPHLANG RIVER AT MAWPHLANG, EAST KHASI HILLS",MEGHALAYA
3356.0,"UMIAM MAWPHLANG RIVER AT SHELLA, EAST KHASI HILLS",MEGHALAYA
3350.0,UMKHEN AT WAHKDAIT,MEGHALAYA
3351.0,UMKHEN AT KSEHPONGDENG,MEGHALAYA
3352.0,"UMKHEN RIVER AT DIENGPASOH, EAST KHASI HILLS",MEGHALAYA
3359.0,"UMKHRAH RIVER AT DEMTHRING, SHILLONG",MEGHALAYA
3360.0,"UMKHRAH RIVER ATUMKALIAR, SHILLONG",MEGHALAYA
3361.0,"UMKHRAH RIVER ATMAWLAI, SLAUGHTER",MEGHALAYA
3362.0,"UMKHRAH RIVER AT MAWPDANG, MAWLAI",MEGHALAYA
3357.0,"UMNGOT RIVER AT SMIT, EAST KHASI HILLS",MEGHALAYA
3358.0,"UMNGOT RIVER AT DAWKI, EAST KHASI HILLS",MEGHALAYA
3363.0,"UMSHYRPI RIVER AT RISA COLONY, EAST KHASI HILLS",MEGHALAYA
3364.0,"UMSHYRPI RIVER AT LAW COLLEGE, DHANKETI, EAST KHASI HILLS",MEGHALAYA
3365.0,"UMSHYRPI RIVER AT UMSHYRPI BRIDGE, EAST KHASI HILLS",MEGHALAYA
1427.0,"UMTREW AT BYRNIHAT EAST, MEGHALAYA",MEGHALAYA
3366.0,"UMTREW RIVER AT UMRAN, RINaN BHOI",MEGHALAYA
3373.0,"WAH BLEI AT RIANGDO, WEST KHASI HILLS",MEGHALAYA
3374.0,"WAH BLEI AT SHDADDKHAR, WEST KHASI HILLS",MEGHALAYA
2051.0,TLAWNG DOWNSTREAM AIZAWL,MIZORAM
1403.0,"GUMTI AT U/S SOUTH TRIPURA,TRIPURA",TRIPURA
1404.0,"GUMTI AT D/S SOUTH TRIPURA, TRIPURA",TRIPURA
1726.0,"CHANDRAPUR, AGARTALA D/S OF HAORA RIVER, TRIPURA",TRIPURA
1150.0,"DAMANGANGA AT KACHIGAON U\S AT GIDC WIER,GUJARAT",GUJARAT
1246.0,"DAMANGANGA AT KACHIGAON D\S (DAMAN), GUJARAT",GUJARAT
1434.0,"AMLAKHADI AFTER CONFL. OF W. WATER FROM ANKLESH,GUJARAT",GUJARAT
1149.0,"KOLAK AT PATALIA BDG., GUJARAT",GUJARAT
1860.0,BALEHWAR KHADI AT N.H. NO 8,GUJARAT
1148.0,"AMBIKA AT BILIMORA, GUJARAT",GUJARAT
1862.0,KAVERI ON BRIDGE AT BILLIMORANaNVALSAD ROAD,GUJARAT
1399.0,"ZUARI AT D/S OF PT. WHERE KUMBARJRIA CANaNL JOINS, GOA",GOA
1475.0,ZUARI AT PANCHAWADI,GOA
3181.0,RIVER ZUARI AT BORIM BRIDGE,GOA
3182.0,RIVER ZUARI AT MARCAIM JETTY,GOA
1400.0,"MANDOVI AT NEGHBOURHOOD OF PANaNJI, GOA",GOA
1476.0,"MANDOVI AT TONCA, MARCELA, GOA",GOA
3185.0,RIVER MANDOVI AT AMONaN BRIDGE,GOA
3186.0,RIVER MANDOVI AT IFFI JETTY,GOA
3187.0,RIVER MANDOVI NEAR HOTEL MARRIOT,GOA
1543.0,"RIVER KALNaN AT CHANDELNaN PERNEM, GOA",GOA
1548.0,"RIVER ASSONORA AT ASSONORA, GOA",GOA
2276.0,"RIVER BICHOLIM VARAZAN NaNGAR , BICHOLIM",GOA
2275.0,"RIVER CHAPORA NEAR ALORNaN FORT ,PERNEM",GOA
3189.0,RIVER CHAPORA AT SIOLIM,GOA
1546.0,"RIVER KHANDEPAR AT OPA NaN PONDA, GOA",GOA
2270.0,"RIVER KHANDEPAR AT CODLI NEAR BRIDGE ,U/S OPA WATERWORKS,SANGUEM",GOA
2272.0,"RIVER KUSHAWATI NEAR BUND AT KEVONaN,RIVON,SANGUEM",GOA
1545.0,"RIVER MADAI AT DABOS NaN  VALPOI, GOA",GOA
2274.0,RIVER MAPUSA ON CULVERT ON HIGHWAY MAPUSANaNPANaNJI,GOA
2271.0,"RIVER SAL PAZORKHONI,CUNCOLIM(NEAR CULVERT MARGAONaN CANaNCONaN NaNTIONaNL HIGHWAY)",GOA
2273.0,"RIVER SAL NEAR HOTEL LEELA MOBOR,CAVELOSSIM",GOA
3183.0,"RIVER SAL AT KHAREBAND, MARGAO",GOA
3184.0,"RIVER SAL AT ORLIM BRIDGE, ORLIM",GOA
3190.0,RIVER SINQUERIM (CANDOLIM SIDE NEAR BRIDGE),GOA
3191.0,RIVER SINQUERIM NEAR NERUL TEMPLE,GOA
1547.0,"RIVER TALPONaN AT CANaNCONaN, GOA",GOA
3188.0,RIVER TIRACOL AT TIRACOL,GOA
1544.0,"RIVER VALVANT AT SANKLI NaN BICHOLIM, GOA",GOA
2651.0,"AMBA RIVER AT D/S OF WAKEN BRIDGENaNU/S OF JS PETROCHEMICALS, WAKENPHATA, ROHA",MAHARASHTRA
1461.0,"BHATSA AT D/S OF PISE DAM NEAR PISE VILLAGE (ULHAS), MAHARASHTRA",MAHARASHTRA
2653.0,"BHATSA RIVER AT D/S OF LIBERTY OIL MILLS, SATNEL, SHAHAPUR, THANE",MAHARASHTRA
2654.0,"BHATSA RIVER AT U/S OF LIBERTY OIL MILLS, SATNEL, SHAHAPUR, THANE",MAHARASHTRA
1092.0,"KALU AT ATALE VILLAGE, MAHARASHTRA",MAHARASHTRA
2670.0,"KAN RIVER, NEAR SAKRI WATER WORKS, SAKRI, DHULE.",MAHARASHTRA
1152.0,"KUNDALIKA AT ROHA CITY, MAHARASHTRA",MAHARASHTRA
2198.0,KUNDALIKA RIVER AT ARE KHURD ( SALINE ZONE ),MAHARASHTRA
2671.0,"KUNDALIKA RIVER NEAR SALAV BRIDGE (SALINaN ZONE), SALAV, ROHA, RAIGAD",MAHARASHTRA
2672.0,"KUNDALIKA RIVER AT DHATAV AT JACKWELL (DRINKING WATER  PUMPING STATIONNaNSWEET ZONE), ROHA",MAHARASHTRA
2168.0,MITHI RIVER,MAHARASHTRA
2676.0,"MUCHKUNDI RIVER AT  WAKED,RATNaNGIRI, NEAR M/S ASAHI INDIA GLASS LTD., LANJA, RATNaNGIRI.",MAHARASHTRA
1151.0,"PATALGANGA AT SHILPHATA, MAHARASHTRA",MAHARASHTRA
1462.0,"PATALGANGA NEAR INTAKE OF MIDC W/W, MAHARASHTRA",MAHARASHTRA
2685.0,"PATALGANGA RIVER AT D/S OF KHARPADA BRIDGE, RAIGAD.",MAHARASHTRA
2686.0,"PATALGANGA RIVER AT VYAL PUMP HOUSE , KHALAPUR, RAIGAD.",MAHARASHTRA
2687.0,"PATALGANGA RIVER AT KHALAPUR PUMPING STATION, KHALAPUR, RAIGAD.",MAHARASHTRA
2688.0,"PATALGANGA RIVER AT SAVROLI BRIDGE, KHALAPUR, RAIGAD.",MAHARASHTRA
2689.0,"PATALGANGA RIVER AT GAGANGIRI MAHARAJ TEMPLE, KHOPOLI, RAIGAD.",MAHARASHTRA
2199.0,SAVITRI RIVER AT OVALE VILLAGE.,MAHARASHTRA
2701.0,"SAVITRI RIVER JACKWELL AT UPSA KENDRE, NaNGALWADI, MAHAD, RAIGAD",MAHARASHTRA
2702.0,"SAVITRI RIVER AT SHEDAV DOH, MAHAD,RAIGAD",MAHARASHTRA
2703.0,"SAVITRI RIVER AT DADLI BRIDGE, DADLI, MAHAD, RAIGADH",MAHARASHTRA
2704.0,"SAVITRI RIVER AT MUTHAVALI VILLAGE, MAHAD, RAIGADH",MAHARASHTRA
2706.0,"SURYA RIVER, U/S OF SURYA DAM, DHAMMI, VIKRAMGAD, THANE",MAHARASHTRA
2707.0,"SURYA RIVER AT MIDC PUMPING STATION, GARVASHET, PALGHAR, THANE",MAHARASHTRA
2708.0,"SURYA RIVER AT INTAKE OF VASAINaNVIRAR W/S SCHEME, MASVAN, PALGHAR, THANE",MAHARASHTRA
2709.0,"TANSA RIVER NEAR ROAD BRIDGE, VILLAGE DAKEWALI, WADA, THANE",MAHARASHTRA
1094.0,"ULHAS AT U/S OF BADLAPUR, MAHARASHTRA",MAHARASHTRA
2162.0,ULHAS RIVER ATJAMBHUL WATER WORKS.,MAHARASHTRA
2712.0,"VAITARNaN RIVER NEAR ROAD BRIDGE, GANDHARE VILLAGE, WADA, THANE.",MAHARASHTRA
2164.0,VASHISTI RIVER AT U/S OF THREE M PAPER MILLS NEAR M/S MULTIFILMS PLASTIC PVT. LTD. AT KHERDI.,MAHARASHTRA
2713.0,"VASHISHTI RIVER AT D/S OF THREE M PAPER MILLS NEAR CHIPLUN WATER INTAKE JACKWELL, KHERDI, RATNaNGIRI",MAHARASHTRA
2714.0,"VASHISHTI RIVER AT U/S OF POPHALI NEAR KONPHANSAWANE BRIDGE, CHIPLUN, RATNaNGIRI",MAHARASHTRA
1342.0,"ACHENKOIL AT THUMPAMON, KERALA",KERALA
1443.0,"ACHENKOIL AT CHENNITHULA, KERALA",KERALA
3465.0,"ACHENKOIL AT KALLARAKADAVU, PATHANaNMTHITTA",KERALA
3466.0,"ACHENKOIL AT PANDALAM (NEAR AYYAPPA TEMPLE), PATHANaNMTHITTA",KERALA
2297.0,R ANCHARAKANDY AT MERUVAMBA,KERALA
2319.0,R ANCHARAKANDY AT MERUVAMBA,KERALA
2286.0,R AYROOR AT AYROOR BRIDGE,KERALA
2331.0,R BHARATHAPUZHA AT KUTTIPPURAM,KERALA
2332.0,R BHARATHAPUZHA AT PATTAMBI,KERALA
1154.0,"CHALAKUDY AT PULICKALKANaNDAVU, KERALA",KERALA
20.0,"CHALIYAR AT KOOLIMADU, KERALA",KERALA
21.0,"CHALIYAR AT CHUNGAPALLY, KERALA",KERALA
3464.0,"CHALIYAR AT NILAMBUR, MALAPPURAM",KERALA
1572.0,"CHANDRAGIRI AT PADIYATHADKA, KERALA",KERALA
1573.0,"CHITRAPUZHA AT IRUMPANaNM, KERALA",KERALA
2295.0,R CORAPUZHA AT KANaNYANKODE,KERALA
1564.0,"R ITHIKKARA AT AYUR, KERALA",KERALA
2287.0,R ITHIKKARA AT ITHIKKARA,KERALA
1566.0,"R KADALUNDI AT THIRURANGADY, KERALA",KERALA
2293.0,R KADALUNDI AT HAJIRAPPALLY,KERALA
2337.0,R KADAMBAYAR AT BRAHMAPURAM,KERALA
2338.0,R KADAMBAYAR AT MANCKAKADAVU,KERALA
42.0,"KALLADA AT PERUMTHOTTAMKADAVU, PUNaNLOOR, KERALA",KERALA
2294.0,R KALLAI AT KALLAI BRIDGE,KERALA
3460.0,"KALPATHI PUZHA AT KALPATHI, PALAKKAD",KERALA
3458.0,KARAPUZHA DAM AT WAYANaND,KERALA
1571.0,"R KARINGODE AT KAKKADAVU,  KERALA",KERALA
1155.0,"KARAMANaN AT MOONNaNTTUMUKKU, KERALA",KERALA
3471.0,"RIVER KARAMANaN AT ARUVIKARA, THIRUVANaNTHAPURAM",KERALA
2289.0,R KARUVANNURR AT KARUVANNUR BRIDGE,KERALA
2301.0,R KAVVAI AT KUTTIYOL PALAM,KERALA
2291.0,R KEECHERI AT VADAKKANCHERY BRIDGE,KERALA
2326.0,R KORAYAR AT KANJIKODE,KERALA
1569.0,"R KUPPAM AT THALIPARAMBA, KERALA",KERALA
2298.0,R KUPPAM AT RAYAROM,KERALA
1567.0,"R KUTTIYADE AT KUTTIYADY ESTATE, KERALA",KERALA
1568.0,"R MAHE AT VALAYAM, KERALA",KERALA
2285.0,R MAMOM AT MAMOM BRIDGE,KERALA
1340.0,"MANIMALA  AT KALLOOPARA, KERALA",KERALA
1384.0,"MANIMALA AT THONDRA, KERALA",KERALA
3459.0,"MANIYANKODE PUZHA AT MANIYANKODE BRIDGE, WAYANaND",KERALA
2307.0,R MANJESWAR AT BAJRAKKARA BR.,KERALA
1339.0,"MEENaNCHIL AT KIDANGOOR, KERALA",KERALA
2304.0,R MOGRAL AT MOGRAL BR.,KERALA
43.0,"MUVATTAPUZHA AT VETTIKKATTUMUKKU, KERALA",KERALA
2302.0,R NEELASWARAM AT NaNMBIARKAL DAM,KERALA
1570.0,"R NEELESWARAM AT HOSDURG, KERALA",KERALA
1563.0,"R NEYYAR AT AMARAVILA, KERALA",KERALA
2284.0,R NEYYAR AT ARUVIPURAM,KERALA
2288.0,R PALLICKAL AT NELLIMUKAL,KERALA
1156.0,"PAMBA AT CHENGANNUR, KERALA",KERALA
1341.0,"PAMBA AT THAKAZHY, KERALA",KERALA
1565.0,"PAMBA DOWN, KERALA",KERALA
17.0,"PERIYAR NEAR ALWAYENaNELOOR, KERALA",KERALA
18.0,"PERIYAR AT KALADY, KERALA",KERALA
1338.0,"PERIYAR AT SEWAGE DISCHARGE POINT, KERALA",KERALA
2333.0,RIVER PERIYAR AT MUPPATHADAM,KERALA
2334.0,RIVER PERIYAR AT PATHALAM,KERALA
2335.0,R PERIYAR AT KALAMASSERY,KERALA
2336.0,R PERIYAR AT PURAPPALLIKAVU,KERALA
3468.0,"PERIYAR AT KWA INTAKENaN ALUVA, ERNaNKULAM",KERALA
2300.0,R PERUVAMBA AT CHANDAPPURA,KERALA
2303.0,R PULLUR AT PULLUR BR.,KERALA
2290.0,R PUZHACKAL AT PUZHACKAL BRIDGE,KERALA
2299.0,R RAMAPURAM AT RAMAPURAM BRIDGE,KERALA
2305.0,R SHRIYA AT ANGADIMOGARU,KERALA
2296.0,R THALLASSERY AT PATHIPPALAM,KERALA
2292.0,R THIRUR AT THALAKKADATHUR BRIDGE,KERALA
2306.0,R UPPALA AT  UPPALA BR.,KERALA
3473.0,"RIVER VALAPATTANaNM AT PARASSINIKADAVU, KANNUR",KERALA
1442.0,"VAMANaNPURAM, KERALA",KERALA
1448.0,"NaNGAVALLI AT THOTAPALLI REGULATOR, A.P.",ANDHRA PRADESH
2352.0,"RIVER VAMSHADHARA, KALINGAPATNaNM,VIZIANaNGARAM",ANDHRA PRADESH
3080.0,"U/S OF KARAKAVAGU AT PALONCHA,  KHAMMAM, A.P.",ANDHRA PRADESH
3081.0,"D/S OF KARAKAVAGU AT PALONCHA,  KHAMMAM, A.P.",ANDHRA PRADESH
1444.0,"KALI AT D/S WEST COAST PAPER MILL, KARNaNTAKA",KARNaNTAKA
2780.0,"KALI AT U/S OF WCPM, DANDELI, KARNaNTAKA",KARNaNTAKA
1894.0,KUMARADHARA NaN U/S OF UPPINaNGADY TOWN BEFORE CONFLUENCE WITH RIVER NETHRAVATHI,KARNaNTAKA
1892.0,NETRAVATHI U/S OF DHARMASTALA AT WATER SUPPLY INTAKE POINT,KARNaNTAKA
2423.0,"BUDHABALANGA, D/S OF BARIPADA TOWN",ORISSA
2424.0,BUDHABALANGA AT BALASORE D/S,ORISSA
2425.0,"RIVER KERANDI(INTAKE WELL OF NaNLCO REFINaNRY, HAL, SUNaNBEDA)",ORISSA
2422.0,"NaNGAVALLI AT PENTA U/S, JAYKAYPUR TOWN",ORISSA
1642.0,"NaNGAVALLI AT JAYKAYPUR D/S, ORISSA",ORISSA
1643.0,"NaNGAVALLI AT RAYAGADA D/S, ORISSA",ORISSA
1455.0,"RUSHIKULYA AT GANJAM U/S, ORISSA",ORISSA
1456.0,"RUSHIKULYA AT GANJAM D/S, ORISSA",ORISSA
2426.0,VANSADHARA AT MUNIGUDA (D/S OF M/S VEDANTAALUMINaN PROJECT),ORISSA
2427.0,VANSADHARA ATGUNUPUR (INTERSTATE BOUNDRY),ORISSA
1450.0,"PALAR AT VANIYAMBADI WATER SUPPLY HEAD WORK, TAMILNaNDU",TAMILNaNDU
1159.0,"TAMBIRAPARANI AT BDG.NR. MADURA COATS LTD.PAPAVINaNSAM,TAMILNaNDU",TAMILNaNDU
1160.0,"TAMBIRAPARANI AT CHERANMADEVI,CAUSE WAY,TAMILNaNDU",TAMILNaNDU
1161.0,"TAMBIRAPARANI AT TIRUNELVELI,COLLECTORATE,TAMILNaNDU.",TAMILNaNDU
1162.0,"TAMBIRAPARANI AT MURAPPANaNDU, TAMILNaNDU",TAMILNaNDU
1328.0,"TAMBIRAPARANI AT PAPPANKULAM,TAMILNaNDU",TAMILNaNDU
1329.0,"TAMBIRAPARANI AT RAIL BDG. NR. AMBASAMUDAM, TAMILNaNDU",TAMILNaNDU
1330.0,"TAMBIRAPARANI AT ARUMUGANERI, TAMILNaNDU",TAMILNaNDU
3025.0,"TAMBIRAPARANI AT ERAL, THOTHUKUDI, TAMILNaNDU",TAMILNaNDU
3026.0,"TAMBIRAPARANI AT KALLIDAI KURICHI, TIRUNELVELI, TAMILNaNDU",TAMILNaNDU
3027.0,"TAMBIRAPARANI AT SRIVAIKUNTAM, D/S OF SK ANaNICUT, TIRUNELVELI, TAMILNaNDU",TAMILNaNDU
3028.0,"TAMBIRAPARANI AT VELLAKOIL, TIRUNELVELI, TAMILNaNDU",TAMILNaNDU
3029.0,"TAMBIRAPARANI AT SIVALAPERI, CONFLUENCE POINT OF KUTTRALAM FALLS, D/S OF PALAYAMKOTTAI, TIRUNELVELI, TAMILNaNDU",TAMILNaNDU
3023.0,"VASISTA AT SALEM, D/S OF SAGO INDUSRIES EFFLUENT, TAMILNaNDU",TAMILNaNDU
1023.0,"GHAGGAR AT MUBARAKPUR REST HOUSE (PATIALA), PUNJAB",PUNJAB
1024.0,"GHAGGAR AT 100M D/S CONF. WITH R. SARASWATI (PATIALA),PUNJAB",PUNJAB
1295.0,"GHAGGAR NEAR BANKARPUR,DERA BASSI,PUNJAB",PUNJAB
1473.0,"GHAGGAR AT RATANHERI, D/S OF PATIALA NaNDI (AFTER CONFL.), PUNJAB",PUNJAB
1698.0,"D/S CHHATBIR, PUNJAB",PUNJAB
1699.0,"U/S DHAKANSU NaNLLAH, PUNJAB",PUNJAB
1700.0,"D/S DHAKANSU NaNLLAH, PUNJAB",PUNJAB
1701.0,"D/S JHARMAL NaNDI, PUNJAB",PUNJAB
1702.0,"U/S JHARMAL NaNDI, PUNJAB",PUNJAB
1703.0,"GHAGGER AT MOONaNK, PUNJAB",PUNJAB
1704.0,"D/S SARDULGARH, PUNJAB",PUNJAB
1705.0,"U/S SARDULGARH, PUNJAB",PUNJAB
1718.0,"GAGGAR RIVER WHEN ENTERING IN RAJASTHAN FROM HARYANaN NEAR RD NO. 629, RAJASTHAN",RAJASTHAN
1871.0,"RIVER MARKANDA AT PAONTA, DISTT. SIRMOUR, H.P.",HIMACHAL PRADESH
2624.0,MARKANDA U/S KALA AMB,HIMACHAL PRADESH
2625.0,MARKANDA D/S KALA AMB/ BOUNDARY OF HARYANaN,HIMACHAL PRADESH
1870.0,"RIVER SUKHANaN AT PARWANOO, DISTT. SOLAN, H.P.",HIMACHAL PRADESH
2947.0,"RIVER JAWAI AT JAWAI DAM, SIROHI, RAJASTHAN",RAJASTHAN
1717.0,"KODRA DAM, MOUNT ABU, RAJASTHAN",RAJASTHAN
2948.0,"RIVER BANDI AT HEMAWAS DAM, PALI, RAJASTHAN",RAJASTHAN
1719.0,"GAGGAR RIVER D/S HANUMANGARH NEAR 2 KNJ NaNI ABADI, MAKKASR, RAJASTHAN",RAJASTHAN
2949.0,"RIVER LUNI AT RANaNKPUR DAM, RANaNKPUR, PALI, RAJASTHAN",RAJASTHAN
3305.0,"RIVER BANJAR AT MALANJKHAND NEAR W/S INTAKE POINT, JABALPUR",MADHYA PRADESH
3383.0,"BUGI RIVER AT MIBANPARA, SOUTH GARO HILLS",MEGHALAYA
3384.0,"BUGI RIVER AT DALU, SOUTH GARO HILLS",MEGHALAYA
3380.0,"DAMRING RIVER (KRISHNEI RIVER) AT RESUBELPARA, EAST GARO HILLS",MEGHALAYA
1632.0,"GANOL RIVER TURA, MEGHALAYA",MEGHALAYA
1428.0,"KYRHUKHLA NEAR SUTNGA KHLIERIAT,JAINTIA HILLS DT.,MEGHALAYA",MEGHALAYA
3369.0,"KYNSHI RIVER AT SOHIONG, WEST KHASI HILLS",MEGHALAYA
3370.0,"KYNSHI RIVER AT NaNGKHNUM, WEST KHASI HILLS",MEGHALAYA
3371.0,"KYNSHI RIVER AT RANIKOR, WEST KHASI HILLS",MEGHALAYA
3372.0,RILANG RIVER,MEGHALAYA
3373.0,WAH BLEI,MEGHALAYA
3374.0,WAH BLEI,MEGHALAYA
3375.0,LUKHA RIVER,MEGHALAYA
3376.0,LUKHA RIVER,MEGHALAYA
3381.0,"MANDA RIVER (DUDHAI RIVER) AT JAMPA, EAST GARO HILLS",MEGHALAYA
3382.0,"MANDA RIVER (DUDHAI RIVER) AT WAGAISI, EAST GARO HILLS",MEGHALAYA
3377.0,"MYNTANG RIVER AT NaNRTIANG, JAYANTIA HILLS",MEGHALAYA
3378.0,"MYNTANG RIVER AT MYNSO, JAYANTIA HILLS",MEGHALAYA
1631.0,"MYNTDU RIVER JOWAI, MEGHALAYA",MEGHALAYA
3379.0,"MYNTDU RIVER AT LESHKA, JAYANTIA HILLS",MEGHALAYA
3367.0,"NONBAH RIVER AT NaNGSTOIN MARKE, WEST KHASI HILLS",MEGHALAYA
3368.0,"NONBAH RIVER AT NaNGSTOIN MARKE, WEST KHASI HILLS",MEGHALAYA
1633.0,"SIMSANG RIVER WILLIAMNaNGAR, MEGHALAYA",MEGHALAYA
3353.0,"UMIAM MAWPHLANG RIVER AT NONGKREM, EAST KHASI HILLS",MEGHALAYA
3354.0,"UMIAM MAWPHLANG RIVER AT UMTYNGNGAR, EAST KHASI HILLS",MEGHALAYA
3355.0,"UMIAM MAWPHLANG RIVER AT MAWPHLANG, EAST KHASI HILLS",MEGHALAYA
3356.0,"UMIAM MAWPHLANG RIVER AT SHELLA, EAST KHASI HILLS",MEGHALAYA
3350.0,UMKHEN AT WAHKDAIT,MEGHALAYA
3351.0,UMKHEN AT KSEHPONGDENG,MEGHALAYA
3352.0,"UMKHEN RIVER AT DIENGPASOH, EAST KHASI HILLS",MEGHALAYA
3359.0,"UMKHRAH RIVER AT DEMTHRING, SHILLONG",MEGHALAYA
3360.0,"UMKHRAH RIVER ATUMKALIAR, SHILLONG",MEGHALAYA
3361.0,"UMKHRAH RIVER ATMAWLAI, SLAUGHTER",MEGHALAYA
3362.0,"UMKHRAH RIVER AT MAWPDANG, MAWLAI",MEGHALAYA
3357.0,"UMNGOT RIVER AT SMIT, EAST KHASI HILLS",MEGHALAYA
3358.0,"UMNGOT RIVER AT DAWKI, EAST KHASI HILLS",MEGHALAYA
3363.0,"UMSHYRPI RIVER AT RISA COLONY, EAST KHASI HILLS",MEGHALAYA
3364.0,"UMSHYRPI RIVER AT LAW COLLEGE, DHANKETI, EAST KHASI HILLS",MEGHALAYA
3365.0,"UMSHYRPI RIVER AT UMSHYRPI BRIDGE, EAST KHASI HILLS",MEGHALAYA
1427.0,"UMTREW AT BYRNIHAT EAST, MEGHALAYA",MEGHALAYA
3366.0,"UMTREW RIVER AT UMRAN, RINaN BHOI",MEGHALAYA
1403.0,"GUMTI AT U/S SOUTH TRIPURA,TRIPURA",TRIPURA
1404.0,"GUMTI AT D/S SOUTH TRIPURA, TRIPURA",TRIPURA
1726.0,"CHANDRAPUR, AGARTALA D/S OF HAORA RIVER, TRIPURA",TRIPURA
1393.0,DAMANGANGA AT D/S OF MADHUBAN,DAMAN & DIU
1150.0,DAMANGANGA AT KACHIGAON U\S AT GIDC WIER,GUJARAT
1865.0,RIVER DHADAR AT KOTHADA,GUJARAT
1434.0,AMLAKHADI AFTER CONFL. OF W. WATER FROM ANKLESHWAR,GUJARAT
1980.0,AMLAKHADI AT PUNGAM ANKLESHWAR DISTT BHARUCH,GUJARAT
1149.0,KOLAK AT PATALIA BDG,GUJARAT
1399.0,ZUARI AT D/S OF PT. WHERE KUMBARJRIA CANaNL JOINS,GOA
1475.0,ZUARI AT PANCHAWADI,GOA
3181.0,RIVER ZUARI AT BORIM BRIDGE,GOA
3182.0,RIVER ZUARI AT MARCAIM JETTY,GOA
1400.0,MANDOVI AT NEGHBOURHOOD OF PANaNJI,GOA
1476.0,"MANDOVI AT TONCA, MARCELA",GOA
3185.0,MANDOVI AT AMONaN BRIDGE,GOA
3186.0,RIVER MANDOVI AT IFFI JETTY,GOA
3187.0,MANDOVI NEAR HOTEL MARRIOT,GOA
1543.0,KALNaN AT CHANDELNaN PERNEM,GOA
1548.0,RIVER ASSONORA AT ASSONORA,GOA
2276.0,"BICHOLIM VARAZAN NaNGAR, BICHOLIM",GOA
2275.0,"RIVER CHAPORA NEAR ALORNaN FORT ,PERNEM",GOA
3189.0,RIVER CHAPORA AT SIOLIM,GOA
1546.0,KHANDEPAR AT OPA NaN PONDA,GOA
2270.0,"KHANDEPAR AT CODLI NR BDG, U/S OPA WATERWORKS,SANGUEM",GOA
2272.0,"RIVER KUSHAWATI NEAR BUND AT KEVONaN,RIVON,SANGUEM",GOA
1545.0,RIVER MADAI AT DABOS NaN  VALPOI,GOA
2274.0,RIVER MAPUSA ON CULVERT ON HIGHWAY MAPUSANaNPANaNJI,GOA
2271.0,"SAL PAZORKHONI, CUNCOLIM (NEAR CULVERT MARGAONaN CANaNCONaN NaNTIONaNL HIGHWAY)",GOA
2273.0,"RIVER SAL NEAR HOTEL LEELA MOBOR,CAVELOSSIM",GOA
3183.0,"SAL AT KHAREBAND, MARGAO",GOA
3184.0,"SAL AT ORLIM BRIDGE, ORLIM",GOA
3190.0,RIVER SINQUERIM (CANDOLIM SIDE NEAR BRIDGE),GOA
3191.0,RIVER SINQUERIM NEAR NERUL TEMPLE,GOA
1547.0,RIVER TALPONaN AT CANaNCONaN,GOA
3188.0,RIVER TIRACOL AT TIRACOL,GOA
1544.0,VALVANT AT SANKLI NaN BICHOLIM,GOA
2651.0,"AMBA AT D/S OF WAKEN BRIDGENaNU/S OF JS PETROCHEMICALS, WAKENPHATA, ROHA",MAHARASHTRA
1461.0,BHATSA AT D/S OF PISE DAM NEAR PISE VILLAGE (ULHAS),MAHARASHTRA
2653.0,"BHATSA AT D/S OF LIBERTY OIL MILLS, SATNEL, SHAHAPUR,THANE",MAHARASHTRA
2654.0,"BHATSA AT U/S OF LIBERTY OIL MILLS, SATNEL, SHAHAPUR, THANE",MAHARASHTRA
1092.0,KALU AT ATALE VILLAGE,MAHARASHTRA
2670.0,"KAN RIVER, NEAR SAKRI WATER WORKS, SAKRI, DHULE.",MAHARASHTRA
1152.0,KUNDALIKA AT ROHA CITY,MAHARASHTRA
2198.0,KUNDALIKA RIVER AT ARE KHURD ( SALINE ZONE ),MAHARASHTRA
2671.0,"KUNDALIKA RIVER NEAR SALAV BRIDGE (SALINaN ZONE), SALAV, ROHA, RAIGAD",MAHARASHTRA
2672.0,"KUNDALIKA AT DHATAV AT JACKWELL (DRINKING WATER  PUMPING STATIONNaNSWEET ZONE), ROHA",MAHARASHTRA
2168.0,MITHI RIVER,MAHARASHTRA
2676.0,"MUCHKUNDI RIVER AT  WAKED, NEAR M/S ASAHI INDIA GLASS LTD., LANJA, RATNaNGIRI.",MAHARASHTRA
1151.0,PATALGANGA AT SHILPHATA,MAHARASHTRA
1462.0,PATALGANGA NEAR INTAKE OF MIDC W/W,MAHARASHTRA
2685.0,"PATALGANGA RIVER AT D/S OF KHARPADA BRIDGE, RAIGAD.",MAHARASHTRA
2686.0,"PATALGANGA RIVER AT VYAL PUMP HOUSE , KHALAPUR, RAIGAD.",MAHARASHTRA
2687.0,"PATALGANGA RIVER AT KHALAPUR PUMPING STATION, KHALAPUR, RAIGAD.",MAHARASHTRA
2688.0,"PATALGANGA RIVER AT SAVROLI BRIDGE, KHALAPUR, RAIGAD.",MAHARASHTRA
2689.0,"PATALGANGA AT GAGANGIRI MAHARAJ TEMPLE, KHOPOLI, RAIGAD.",MAHARASHTRA
2696.0,"PEHLAR DAM ON PEHLAR INLET OF WATER WORKS, VASAI, THANE.",MAHARASHTRA
2199.0,SAVITRI RIVER AT OVALE VILLAGE.,MAHARASHTRA
2701.0,"SAVITRI JACKWELL AT UPSA KENDRE, NaNGALWADI, MAHAD, RAIGAD",MAHARASHTRA
2702.0,"SAVITRI RIVER AT SHEDAV DOH, MAHAD,RAIGAD",MAHARASHTRA
2703.0,"SAVITRI RIVER AT DADLI BRIDGE, DADLI, MAHAD, RAIGADH",MAHARASHTRA
2704.0,"SAVITRI RIVER AT MUTHAVALI VILLAGE, MAHAD, RAIGADH",MAHARASHTRA
2706.0,"SURYA RIVER, U/S OF SURYA DAM, DHAMMI, VIKRAMGAD, THANE",MAHARASHTRA
2707.0,"SURYA AT MIDC PUMPING STN, GARVASHET, PALGHAR, THANE",MAHARASHTRA
2708.0,"SURYA RIVER AT INTAKE OF VASAINaNVIRAR W/S SCHEME, MASVAN, PALGHAR, THANE",MAHARASHTRA
2709.0,"TANSA RIVER NEAR ROAD BRIDGE, VILLAGE DAKEWALI, WADA, THANE",MAHARASHTRA
1093.0,ULHAS AT U/S OF NRC BUND AT MOHANE,MAHARASHTRA
1094.0,ULHAS AT U/S OF BADLAPUR,MAHARASHTRA
2162.0,ULHAS ATJAMBHUL WATER WORKS,MAHARASHTRA
2712.0,"VAITARNaN NR RD BDG, GANDHARE VILLAGE, WADA, THANE.",MAHARASHTRA
2164.0,VASHISTI AT U/S OF THREE M PAPER MILLS NEAR M/S MULTIFILMS PLASTIC PVT. LTD. AT KHERDI.,MAHARASHTRA
2713.0,"VASHISHTI  AT D/S OF THREE M PAPER MILLS NR CHIPLUN WATER INTAKE JACKWELL,KHERDI,RATNaNGIRI",MAHARASHTRA
2714.0,"VASHISHTI RIVER AT U/S OF POPHALI NEAR KONPHANSAWANE BRIDGE, CHIPLUN, RATNaNGIRI",MAHARASHTRA
1342.0,ACHENKOIL AT THUMPAMON,KERALA
1443.0,ACHENKOIL AT CHENNITHULA,KERALA
3465.0,"ACHENKOIL AT KALLARAKADAVU, PATHANaNMTHITTA",KERALA
3466.0,"ACHENKOIL AT PANDALAM (NEAR AYYAPPA TEMPLE),PATHANaNMTHITTA",KERALA
2297.0,ANCHARAKANDY AT MERUVAMBA,KERALA
2319.0,ANCHARAKANDY AT MERUVAMBA,KERALA
2286.0,R AYROOR AT AYROOR BRIDGE,KERALA
2331.0,BHARATHAPUZHA AT KUTTIPPURAM,KERALA
2332.0,R BHARATHAPUZHA AT PATTAMBI,KERALA
1154.0,CHALAKUDY AT PULICKALKANaNDAVU,KERALA
20.0,CHALIYAR AT KOOLIMADU,KERALA
21.0,CHALIYAR AT CHUNGAPALLY,KERALA
3464.0,"CHALIYAR AT NILAMBUR, MALAPPURAM",KERALA
1572.0,CHANDRAGIRI AT PADIYATHADKA,KERALA
1573.0,CHITRAPUZHA AT IRUMPANaNM,KERALA
2295.0,R CORAPUZHA AT KANaNYANKODE,KERALA
1564.0,"R ITHIKKARA AT AYUR, KERALA",KERALA
2287.0,R ITHIKKARA AT ITHIKKARA,KERALA
1566.0,R KADALUNDI AT THIRURANGADY,KERALA
2293.0,R KADALUNDI AT HAJIRAPPALLY,KERALA
2337.0,KADAMBAYAR AT BRAHMAPURAM,KERALA
2338.0,KADAMBAYAR AT MANCKAKADAVU,KERALA
42.0,"KALLADA AT PERUMTHOTTAM KADAVU, PUNaNLOOR",KERALA
2294.0,R KALLAI AT KALLAI BRIDGE,KERALA
3460.0,"KALPATHI PUZHA AT KALPATHI, PALAKKAD",KERALA
3458.0,KARAPUZHA DAM AT WAYANaND,KERALA
1571.0,R KARINGODE AT KAKKADAVU,KERALA
1155.0,KARAMANaN AT MOONNaNTTUMUKKU,KERALA
3471.0,"RIVER KARAMANaN AT ARUVIKARA, THIRUVANaNTHAPURAM",KERALA
2289.0,R KARUVANNURR AT KARUVANNUR BRIDGE,KERALA
2301.0,R KAVVAI AT KUTTIYOL PALAM,KERALA
2291.0,KEECHERI AT VADAKKANCHERY BDG,KERALA
2326.0,R KORAYAR AT KANJIKODE,KERALA
1569.0,R KUPPAM AT THALIPARAMBA,KERALA
2298.0,R KUPPAM AT RAYAROM,KERALA
1567.0,R KUTTIYADE AT KUTTIYADY ESTATE,KERALA
1568.0,"R MAHE AT VALAYAM, KERALA",KERALA
2285.0,R MAMOM AT MAMOM BRIDGE,KERALA
1340.0,MANIMALA  AT KALLOOPARA,KERALA
1384.0,MANIMALA AT THONDRA,KERALA
3459.0,"MANIYANKODE PUZHA AT MANIYANKODE BRIDGE, WAYANaND",KERALA
2307.0,R MANJESWAR AT BAJRAKKARA BR.,KERALA
1339.0,MEENaNCHIL AT KIDANGOOR,KERALA
2304.0,R MOGRAL AT MOGRAL BR.,KERALA
43.0,MUVATTAPUZHA AT VETTIKKATTUMUKKU,KERALA
2302.0,NEELASWARAM AT NaNMBIARKAL ,KERALA
1570.0,R NEELESWARAM AT HOSDURG,KERALA
1563.0,R NEYYAR AT AMARAVILA,KERALA
2284.0,R NEYYAR AT ARUVIPURAM,KERALA
2288.0,R PALLICKAL AT NELLIMUKAL,KERALA
1156.0,PAMBA AT CHENGANNUR,KERALA
1341.0,PAMBA AT THAKAZHY,KERALA
1565.0,PAMBA DOWN,KERALA
17.0,PERIYAR NEAR ALWAYENaNELOOR,KERALA
18.0,PERIYAR AT KALADY,KERALA
1338.0,PERIYAR AT SEWAGE DISCHARGE POINT,KERALA
2333.0,PERIYAR AT MUPPATHADAM,KERALA
2334.0,RIVER PERIYAR AT PATHALAM,KERALA
2335.0,R PERIYAR AT KALAMASSERY,KERALA
2336.0,R PERIYAR AT PURAPPALLIKAVU,KERALA
3468.0,"PERIYAR AT KWA INTAKENaN ALUVA, ERNaNKULAM",KERALA
2300.0,PERUVAMBA AT CHANDAPPURA,KERALA
2303.0,R PULLUR AT PULLUR BR.,KERALA
2290.0,R PUZHACKAL AT PUZHACKAL BRIDGE,KERALA
2299.0,R RAMAPURAM AT RAMAPURAM BRIDGE,KERALA
2305.0,R SHRIYA AT ANGADIMOGARU,KERALA
2296.0,THALLASSERY AT PATHIPPALAM,KERALA
2292.0,THIRUR AT THALAKKADATHUR BDG,KERALA
2306.0,R UPPALA AT  UPPALA BR.,KERALA
3473.0,"RIVER VALAPATTANaNM AT PARASSINIKADAVU, KANNUR",KERALA
1442.0,VAMANaNPURAM,KERALA
1448.0,NaNGAVALLI AT THOTAPALLI REGULATOR,ANDHRA PRADESH
2352.0,"RIVER VAMSHADHARA, KALINGAPATNaNM,VIZIANaNGARAM",ANDHRA PRADESH
3080.0,"U/S OF KARAKAVAGU AT PALONCHA,  KHAMMAM",ANDHRA PRADESH
3081.0,"D/S OF KARAKAVAGU AT PALONCHA,  KHAMMAM",ANDHRA PRADESH
1444.0,KALI AT D/S WEST COAST PAPER MILL,KARNaNTAKA
2780.0,"KALI AT U/S OF WCPM, DANDELI",KARNaNTAKA
1894.0,KUMARADHARA NaN U/S OF UPPINaNGADY TOWN B/C WITH RIVER NETHRAVATHI,KARNaNTAKA
1892.0,NETRAVATHI U/S OF DHARMASTALA AT WATER SUPPLY INTAKE POINT,KARNaNTAKA
2423.0,"BUDHABALANGA, D/S OF BARIPADA",ORISSA
2424.0,BUDHABALANGA AT BALASORE D/S,ORISSA
2425.0,"RIVER KERANDI(INTAKE WELL OF NaNLCO REFINaNRY, HAL, SUNaNBEDA)",ORISSA
2422.0,"NaNGAVALLI AT PENTA U/S, JAYKAYPUR TOWN",ORISSA
1642.0,NaNGAVALLI AT JAYKAYPUR D/S,ORISSA
1643.0,NaNGAVALLI AT RAYAGADA D/S,ORISSA
1455.0,RUSHIKULYA AT GANJAM U/S,ORISSA
1456.0,RUSHIKULYA AT GANJAM D/S,ORISSA
2426.0,VANSADHARA AT MUNIGUDA (D/S OF M/S VEDANTAALUMINaN PROJECT),ORISSA
2427.0,VANSADHARA ATGUNUPUR (INTERSTATE BOUNDRY),ORISSA
1685.0,ARASALAR RIVER KARAIKAL REGION,PONDICHERRY
2444.0,CORINGA RIVER,PONDICHERRY
2442.0,GAUTAMINaNGODAVARI RIVER,PONDICHERRY
2443.0,GAUTAMINaNGODAVARI RIVER,PONDICHERRY
2445.0,MAHE RIVER,PONDICHERRY
1450.0,PALAR AT VANIYAMBADI WATER SUPPLY HEAD WORK,TAMILNaNDU
1159.0,TAMBIRAPARANI AT BDG.NR. MADURA COATS LTD. PAPAVINaNSAM,TAMILNaNDU
1160.0,"TAMBIRAPARANI AT CHERANMADEVI,CAUSE WAY",TAMILNaNDU
1161.0,"TAMBIRAPARANI AT TIRUNELVELI,COLLECTORATE",TAMILNaNDU
1162.0,TAMBIRAPARANI AT MURAPPANaNDU,TAMILNaNDU
1328.0,TAMBIRAPARANI AT PAPPANKULAM,TAMILNaNDU
1329.0,TAMBIRAPARANI AT RAIL BDG. ,TAMILNaNDU
1330.0,TAMBIRAPARANI AT ARUMUGANERI,TAMILNaNDU
3025.0,"TAMBIRAPARANI AT ERAL, THOTHUKUDI",TAMILNaNDU
3026.0,"TAMBIRAPARANI AT KALLIDAI KURICHI, TIRUNELVELI",TAMILNaNDU
3027.0,"TAMBIRAPARANI AT SRIVAIKUNTAM, D/S OF SK ANaNICUT, TIRUNELVELI",TAMILNaNDU
3028.0,"TAMBIRAPARANI AT VELLAKOIL, TIRUNELVELI",TAMILNaNDU
3029.0,"TAMBIRAPARANI AT SIVALAPERI, CONFLUENCE POINT OF KUTTRALAM FALLS, D/S OF PALAYAMKOTTAI, TIRUNELVELI",TAMILNaNDU
3023.0,"VASISTA AT SALEM, D/S OF SAGO INDUSRIES EFFLUENT",TAMILNaNDU
1885.0,GHAGGAR AT D/S OF SURAJPUR,HARYANaN
1023.0,GHAGGAR AT MUBARAKPUR REST HOUSE (PATIALA),PUNJAB
1024.0,GHAGGAR AT 100M D/S CONF. WITH R. SARASWATI (PATIALA),PUNJAB
1295.0,"GHAGGAR NEAR BANKARPUR,DERA BASSI",PUNJAB
1473.0,"GHAGGAR AT RATANHERI, D/S OF PATIALA NaNDI (AFTER CONFL.)",PUNJAB
1698.0,GHAGGAR AT D/S CHHATBIR,PUNJAB
1699.0,GHAGGAR AT U/S DHAKANSU NaNLLAH,PUNJAB
1700.0,GHAGGAR AT D/S DHAKANSU NaNLLAH,PUNJAB
1701.0,GHAGGAR AT D/S JHARMAL NaNDI,PUNJAB
1702.0,GHAGGAR AT U/S JHARMAL NaNDI,PUNJAB
1703.0,GHAGGAR AT MOONaNK,PUNJAB
1704.0,GHAGGAR AT D/S SARDULGARH,PUNJAB
1705.0,GHAGGAR AT U/S SARDULGARH,PUNJAB
1025.0,"GHAGGAR GHNaN1 AT ROAD BRDG. SIRSA,DEBWALI ROAD",HARYANaN
1026.0,GHAGGAR GHNaN2 AT CHANDARPUR ,HARYANaN
1887.0,GHAGGAR BEFORE OTTU WEIR (BEFORE MIXING OF SATLUJ CANaNL ,HARYANaN
1718.0,GAGGAR RIVER WHEN ENTERING IN RAJASTHAN FROM HARYANaN NEAR RD NO. 629,RAJASTHAN
1871.0,"RIVER MARKANDA AT PAONTA, DISTT. SIRMOUR",HIMACHAL PRADESH
2624.0,MARKANDA U/S KALA AMB,HIMACHAL PRADESH
2625.0,MARKANDA D/S KALA AMB/ BOUNDARY OF HARYANaN,HIMACHAL PRADESH
1884.0,KALA AMB D/S MARKANDA RIVER,HARYANaN
1870.0,"RIVER SUKHANaN AT PARWANOO, DISTT. SOLAN",HIMACHAL PRADESH
2947.0,"JAWAI AT JAWAI DAM, SIROHI",RAJASTHAN
1717.0,"KODRA DAM, MOUNT ABU",RAJASTHAN
2948.0,"BANDI AT HEMAWAS DAM, PAL",RAJASTHAN
2949.0,"RIVER LUNI AT RANaNKPUR DAM, RANaNKPUR, PALI",RAJASTHAN
3305.0,"BANJAR AT MALANJKHAND NR W/S INTAKE POINT, JABALPUR",MADHYA PRADESH
3383.0,"BUGI RIVER AT MIBANPARA, SOUTH GARO HILLS",MEGHALAYA
3384.0,"BUGI AT DALU, SOUTH GARO HILLS",MEGHALAYA
3380.0,"DAMRING RIVER (KRISHNEI RIVER) AT RESUBELPARA, EAST GARO HILLS",MEGHALAYA
1632.0,GANOL RIVER TURA,MEGHALAYA
1428.0,"KYRHUKHLA NR SUTNGA KHLIERIAT,JAINTIA HILLS ",MEGHALAYA
3369.0,"KYNSHI RIVER AT SOHIONG, WEST KHASI HILLS",MEGHALAYA
3370.0,"KYNSHI  AT NaNGKHNUM, WEST KHASI HILLS",MEGHALAYA
3371.0,"KYNSHI RIVER AT RANIKOR, WEST KHASI HILLS",MEGHALAYA
3375.0,LUKHA RIVER AT MYNDIHATI (TRIBUTARY OF LUNaNR),MEGHALAYA
3376.0,LUKHA RIVER AT SUNaNPUR (TRIBUTARY OF LUNaNR),MEGHALAYA
3381.0,"MANDA RIVER (DUDHAI RIVER) AT JAMPA, EAST GARO HILLS",MEGHALAYA
3382.0,"MANDA RIVER (DUDHAI RIVER) AT WAGAISI, EAST GARO HILLS",MEGHALAYA
3377.0,"MYNTANG RIVER AT NaNRTIANG, JAYANTIA HILLS",MEGHALAYA
3378.0,"MYNTANG RIVER AT MYNSO, JAYANTIA HILLS",MEGHALAYA
1631.0,MYNTDU RIVER JOWAI,MEGHALAYA
3379.0,"MYNTDU RIVER AT LESHKA, JAYANTIA HILLS",MEGHALAYA
3367.0,"NONBAH RIVER AT NaNGSTOIN MARKE, WEST KHASI HILLS",MEGHALAYA
3368.0,"NONBAH RIVER AT NaNGSTOIN MARKE, WEST KHASI HILLS",MEGHALAYA
3372.0,"RILANG AT MAWKYRWAT, WEST KHASI HILLS",MEGHALAYA
1633.0,SIMSANG RIVER WILLIAMNaNGAR,MEGHALAYA
3353.0,"UMIAM MAWPHLANG RIVER AT NONGKREM, EAST KHASI HILLS",MEGHALAYA
3354.0,"UMIAM MAWPHLANG RIVER AT UMTYNGNGAR, EAST KHASI HILLS",MEGHALAYA
3355.0,"UMIAM MAWPHLANG RIVER AT MAWPHLANG, EAST KHASI HILLS",MEGHALAYA
3356.0,"UMIAM MAWPHLANG RIVER AT SHELLA, EAST KHASI HILLS",MEGHALAYA
3350.0,UMKHEN AT WAHKDAIT,MEGHALAYA
3351.0,UMKHEN AT KSEHPONGDENG,MEGHALAYA
3352.0,"UMKHEN AT DIENGPASOH, EAST KHASI HILLS",MEGHALAYA
3359.0,"UMKHRAH RIVER AT DEMTHRING, SHILLONG",MEGHALAYA
3360.0,"UMKHRAH RIVER ATUMKALIAR, SHILLONG",MEGHALAYA
3361.0,"UMKHRAH RIVER ATMAWLAI, SLAUGHTER",MEGHALAYA
3362.0,"UMKHRAH RIVER AT MAWPDANG, MAWLAI",MEGHALAYA
3357.0,"UMNGOT RIVER AT SMIT, EAST KHASI HILLS",MEGHALAYA
3358.0,"UMNGOT RIVER AT DAWKI, EAST KHASI HILLS",MEGHALAYA
3363.0,"UMSHYRPI AT RISA COLONY, EAST KHASI HILLS",MEGHALAYA
3364.0,"UMSHYRPI  AT LAW COLLEGE, DHANKETI, EAST KHASI HILLS",MEGHALAYA
3365.0,"UMSHYRPI AT UMSHYRPI BDG, EAST KHASI HILLS",MEGHALAYA
1427.0,UMTREW AT BYRNIHAT EAST,MEGHALAYA
3366.0,"UMTREW RIVER AT UMRAN, RINaN BHOI",MEGHALAYA
3373.0,"WAH BLEI AT RIANGDO, WEST KHASI HILLS",MEGHALAYA
3374.0,"WAH BLEI AT SHDADDKHAR, WEST KHASI HILLS",MEGHALAYA
2050.0,TLAWNG UPSTREAM AIZAWL,MIZORAM
2051.0,TLAWNG DOWNSTREAM AIZAWL,MIZORAM
2052.0,TUIRIAL UPPER CATCHMENT,MIZORAM
2053.0,TUIRIAL LOWER CATCHMENT,MIZORAM
1403.0,GUMTI AT U/S SOUTH TRIPURA,TRIPURA
1404.0,GUMTI AT D/S SOUTH TRIPURA,TRIPURA
1726.0,"CHANDRAPUR, AGARTALA D/S OF HAORA RIVER",TRIPURA
2460.0,DAMANGANGA AT DISCHARGE POINT OF DISTILLERY,"DAMAN, DIU, DADRA NaNGAR HAVELI"
1150.0,DAMANGANGA AT KACHIGAON U\S AT GIDC WIER,GUJARAT
1246.0,DAMANGANGA AT KACHIGAON D\S (DAMAN),GUJARAT
1860.0,BALEHWAR KHADI AT N.H. NO. 8,GUJARAT
1861.0,PURNaN ON BRIDGE AT SURATNaNNaNVSARI HIGHWAY,GUJARAT
1862.0,KAVERI ON BRIDGE AT BILLIMORANaNVALSAD ROAD,GUJARAT
1865.0,DHADAR AT KOTHADA,GUJARAT
1148.0,AMBIKA AT BILIMORA,GUJARAT
1435.0,"KOLAK AT RAILWAY BRIDGE NO. 313 VAPI,VALSAD",GUJARAT
1149.0,KOLAK AT PATALIA BDG.,GUJARAT
1438.0,MINDHOLA AT STATE HIGHWAY BRIDGE SACHIN,GUJARAT
1399.0,"ZUARI AT D/S OF PT. WHERE KUMBARJRIA CANaNL JOINS, GOA",GOA
1475.0,ZUARI AT PANCHAWADI,GOA
1400.0,"MANDOVI AT NEGHBOURHOOD OF PANaNJI, GOA",GOA
1476.0,"MANDOVI AT TONCA, MARCELA, GOA",GOA
1543.0,RIVER KALNaN AT CHANDELNaN PERNEM,GOA
1548.0,RIVER ASSONORA AT ASSONORA,GOA
2276.0,RIVER BICHOLIM VARAZAN NaNGAR,GOA
2275.0,"RIVER CHAPORA NEAR ALORNaN FORT ,PERNEM",GOA
1546.0,RIVER KHANDEPAR AT OPA NaN PONDA,GOA
2270.0,"RIVER KHANDEPAR AT CODLI NEAR BRIDGE ,U/S OPA WATERWORKS,SANGUEM",GOA
2272.0,"RIVER KUSHAWATI NEAR BUND AT KEVONaN,RIVON,SANGUEM",GOA
1545.0,RIVER MADAI AT DABOS NaN  VALPOI,GOA
2274.0,RIVER MAPUSA ON CULVERT ON HIGHWAY MAPUSANaNPANaNJI,GOA
2271.0,"RIVER SAL PAZORKHONI, CUNCOLIM (NEAR CULVERT MARGAONaN CANaNCONaN NaNTIONaNL HIGHWAY)",GOA
2273.0,"RIVER SAL NEAR HOTEL LEELA MOBOR,CAVELOSSIM",GOA
1547.0,RIVER TALPONaN AT CANaNCONaN,GOA
1544.0,"VALVANT AT SANKLI NaN BICHOLIM, GOA",GOA
2651.0,"AMBA RIVER AT D/S OF WAKEN BRIDGENaNU/S OF JS PETRO CHEMICALS, WAKENPHATA, ROHA",MAHARASHTRA
2653.0,"BHATSA RIVER AT D/S OF LIBERTY OIL MILLS, SATNEL, SHAHAPUR, THANE",MAHARASHTRA
2654.0,"BHATSA RIVER AT U/S OF LIBERTY OIL MILLS, SATNEL, SHAHAPUR, THANE",MAHARASHTRA
1092.0,"KALU AT ATALE VILLAGE, MAHARASHTRA",MAHARASHTRA
2670.0,"KAN RIVER NEAR SAKRI WATER WORKS, SAKRI, DHULE",MAHARASHTRA
1152.0,"KUNDALIKA AT ROHA CITY, MAHARASHTRA",MAHARASHTRA
2198.0,KUNDALIKA RIVER AT ARE KHURD ( SALINE ZONE ),MAHARASHTRA
2671.0,"KUNDALIKA RIVER NEAR SALAV BRIDGE (SALINaN ZONE), SALAV, ROHA, RAIGAD",MAHARASHTRA
2672.0,"KUNDALIKA RIVER AT DHATAV AT JACKWELL, DHATAV, ROHA, RAIGAD",MAHARASHTRA
2168.0,MITHI RIVER,MAHARASHTRA
2676.0,"MUCHKUNDI RIVER AT WAKED NEAR M/S ASAHI INDIA GLASS LTD, WAKED, LANJA, RATNaNGIRI",MAHARASHTRA
1151.0,"PATALGANGA AT SHILPHATA, MAHARASHTRA",MAHARASHTRA
1462.0,"PATALGANGA NEAR INTAKE OF MIDC W/W, MAHARASHTRA",MAHARASHTRA
2685.0,"PATALGANGA RIVER AT D/S OF KHARPADA BRIDGE, KHARPADA, KHALAPUR, RAIGAD",MAHARASHTRA
2686.0,"PATALGANGA RIVER AT VYAL PUMP HOUSE, VYAL, KHALAPUR, RAIGAD",MAHARASHTRA
2687.0,"PATALGANGA RIVER AT KHALAPUR PUMPING STATION, KHALAPUR, RAIGAD",MAHARASHTRA
2688.0,"PATALGANGA RIVER AT SAVROLI BRIDGE, KHALAPUR. RAIGAD",MAHARASHTRA
2689.0,"PATALGANGA RIVER AT GAGANGIRI MAHARAJ TEMPLE, KHOPOLI, KHALAPUR, RAIGAD",MAHARASHTRA
2696.0,"PEHLAR DAM ON PEHLAR R. INLET OF WATER WORKS, VASAI, THANE.",MAHARASHTRA
2199.0,SAVITRI RIVER AT OVALE VILLAGE.,MAHARASHTRA
2701.0,"SAVITRI JACKWELL AT UPSA KENDRE, NaNGALWADI, MAHAD, RAIGAD",MAHARASHTRA
2702.0,"SAVITRI AT SHEDAV DOH,,RAIGAD",MAHARASHTRA
2703.0,SAVITRI RIVER AT DADLI BRIDGE,MAHARASHTRA
2704.0,"SAVITRI RIVER AT MUTHAVALI VILLAGE, MAHAD, RAIGADH",MAHARASHTRA
2706.0,"SURYA RIVER, U/S OF SURYA DAM, DHAMMI, VIKRAMGAD, THANE",MAHARASHTRA
2707.0,"SURYA RIVER AT MIDC PUMPING STN, GARVASHET, PALGHAR, THANE",MAHARASHTRA
2708.0,"SURYA AT INTAKE OF VASAINaNVIRAR W/S SCHEME, MASVAN, PALGHAR",MAHARASHTRA
2709.0,"TANSA RIVER NEAR ROAD BRIDGE, VILLAGE DAKEWALI, WADA, THANE",MAHARASHTRA
1093.0,"ULHAS AT U/S OF NRC BUND AT MOHANE, MAHARASHTRA",MAHARASHTRA
1094.0,ULHAS AT U/S OF BADLAPUR,MAHARASHTRA
2162.0,ULHAS ATJAMBHUL WATER WORKS.,MAHARASHTRA
2712.0,"VAITARNaN NEAR ROAD BRIDGE, GANDHARE VILLAGE, WADA, THANE",MAHARASHTRA
2164.0,VASHISTI AT U/S OF THREE M PAPER MILLS NEAR M/S MULTIFILMS PLASTIC PVT. LTD. AT KHERDI.,MAHARASHTRA
2713.0,"VASHISTI AT D/S OF THREE M PAPER MILLS NEAR CHIPLUN WATER INTAKE JACKWELL AT KHERDI, RATNaNGIRI. ",MAHARASHTRA
2714.0,VASHISTI AT U/S OF POPHALI NR KONPHANSAWANE BRIDGE,MAHARASHTRA
1342.0,ACHENKOIL AT THUMPAMON,KERALA
1443.0,ACHENKOIL AT CHENNITHULA,KERALA
2297.0,R ANCHARAKANDY AT MERUVAMBA,KERALA
2319.0,R ANCHARAKANDY AT MERUVAMBA,KERALA
2286.0,R AYROOR AT AYROOR BRIDGE,KERALA
2331.0,R BHARATHAPUZHA AT KUTTIPPURAM,KERALA
2332.0,R BHARATHAPUZHA AT PATTAMBI,KERALA
1154.0,CHALAKUDY AT PULICKALKANaNDAVU,KERALA
20.0,"CHALIYAR AT KOOLIMADU, KERALA",KERALA
21.0,CHALIYAR AT CHUNGAPALLY,KERALA
1572.0,CHANDRAGIRI AT PADIYATHADKA,KERALA
1573.0,CHITTHRAPUZHA AT IRUMPANaNM,KERALA
2295.0,R CORAPUZHA AT KANaNYANKODE,KERALA
1564.0,"ITHIKKARA AT AYUR, KERALA",KERALA
2287.0,R ITHIKKARA AT ITHIKKARA,KERALA
1566.0,KADALUNDY AT THIRURANGADY,KERALA
2293.0,R KADALUNDI AT HAJIRAPPALLY,KERALA
2337.0,R KADAMBAYAR AT BRAHMAPURAM,KERALA
2338.0,R KADAMBAYAR AT MANCKAKADAVU,KERALA
42.0,"KALLADA AT PERUMTHOTTAM KADAVU, PUNaNLOOR, KERALA",KERALA
2294.0,R KALLAI AT KALLAI BRIDGE,KERALA
1571.0,KARINGODE AT KAKKADAVU,KERALA
1155.0,KARAMANaN AT MOONNaNTTUMUKKU,KERALA
2289.0,R KARUVANNURR AT KARUVANNUR BRIDGE,KERALA
2301.0,R KAVVAI AT KUTTIYOL PALAM,KERALA
2291.0,R KEECHERI AT VADAKKANCHERY BRIDGE,KERALA
2326.0,R KORAYAR AT KANJIKODE,KERALA
1569.0,R KUPPAM AT THALIPARAMBA,KERALA
2298.0,R KUPPAM AT RAYAROM,KERALA
1567.0,R KUTTIYADY AT  KUTTIYADY ESTATE,KERALA
1568.0,"R MAHE AT VALAYAM, KERALA",KERALA
2285.0,R MAMOM AT MAMOM BRIDGE,KERALA
1340.0,"MANIMALA  AT KALLOOPARA,",KERALA
1384.0,"MANIMALA AT THONDRA, KERALA",KERALA
2307.0,R MANJESWAR AT BAJRAKKARA BR.,KERALA
1339.0,"MEENaNCHIL AT KIDANGOOR, KERALA",KERALA
2304.0,R MOGRAL AT MOGRAL BR.,KERALA
43.0,"MUVATTAPUZHA AT VETTIKKATTUMUKKU, KERALA",KERALA
2302.0,R NEELASWARAM AT NaNMBIARKAL DAM,KERALA
1570.0,R NEELASWARAM AT HOSDURG,KERALA
1563.0,"R NEYYAR AT AMARAVILA, KERALA",KERALA
2284.0,R NEYYAR AT ARUVIPURAM,KERALA
2288.0,R PALLICKAL AT NELLIMUKAL,KERALA
1156.0,"PAMBA AT CHENGANNUR, KERALA",KERALA
1341.0,"PAMBA AT THAKAZHY, KERALA",KERALA
1565.0,"PAMBA DOWN, KERALA",KERALA
17.0,PERIYAR NEAR ALWAYENaNELOOR,KERALA
18.0,"PERIYAR AT KALADY, KERALA",KERALA
1338.0,"PERIYAR AT SEWAGE DISCHARGE POINT, KERALA",KERALA
2333.0,RIVER PERIYAR AT MUPPATHADAM,KERALA
2334.0,RIVER PERIYAR AT PATHALAM,KERALA
2335.0,R PERIYAR AT KALAMASSERY,KERALA
2336.0,R PERIYAR AT PURAPPALLIKAVU,KERALA
2300.0,R PERUVAMBA AT CHANDAPPURA,KERALA
2303.0,R PULLUR AT PULLUR BR.,KERALA
2290.0,R PUZHACKAL AT PUZHACKAL BRIDGE,KERALA
2299.0,R RAMAPURAM AT RAMAPURAM BRIDGE,KERALA
2305.0,R SHRIYA AT ANGADIMOGARU,KERALA
2296.0,R THALLASSERY AT PATHIPPALAM,KERALA
2292.0,R THIRUR AT THALAKKADATHUR BRIDGE,KERALA
2306.0,R UPPALA AT  UPPALA BR.,KERALA
1442.0,"VAMANaNPURAM, KERALA",KERALA
1448.0,"NaNGAVALLI AT THOTAPALLI REGULATOR, A.P.",ANDHRA PRADESH
2352.0,"RIVER VAMSHADHARA, KALINGAPATNaNM,VIZIANaNGARAM",ANDHRA PRADESH
1444.0,"KALI AT D/S WEST COAST PAPER MILL, KARNaNTAKA",KARNaNTAKA
2780.0,"KALI AT U/S OF WCPM, DANDELI, KARNaNTAKA",KARNaNTAKA
1894.0,KUMARADHARA NaN U/S OF UPPINaNGADY TOWN BEFORE CONFLUENCE WITH RIVER NETHRAVATHI,KARNaNTAKA
1892.0,NETRAVATHI U/S OF DHARMASTALA AT WATER SUPPLY INTAKE POINT,KARNaNTAKA
2423.0,"BUDHABALANGA, D/S OF BARIPADA TOWN",ORISSA
2424.0,"BUDHABALANGA, D/S OF BARIPADA TOWN",ORISSA
2425.0,"RIVER KERANDI(INTAKE WELL OF NaNLCO REFINaNRY, HAL, SUNaNBEDA)",ORISSA
2422.0,"NaNGAVALLI AT PENTA U/S, JAYKAYPUR TOWN",ORISSA
1642.0,"NaNGAVALLI AT JAYKAYPUR D/S, ORISSA",ORISSA
1643.0,"NaNGAVALLI AT RAYAGADA D/S, ORISSA",ORISSA
1455.0,"RUSHIKULYA AT GANJAM U/S, ORISSA",ORISSA
1456.0,"RUSHIKULYA AT GANJAM D/S, ORISSA",ORISSA
2426.0,VANSADHARA AT MUNIGUDA (D/S OF M/S VEDANTAALUMINaN PROJECT),ORISSA
2427.0,VANSADHARA AT GUNUPUR (INTERSTATE BOUNDRY),ORISSA
1450.0,"PALAR AT VANIYAMBADI WATER SUPPLY HEAD WORK, TAMILNaNDU",TAMIL NaNDU
1023.0,"GHAGGAR AT MUBARAKPUR REST HOUSE (PATIALA), PUNJAB",PUNJAB
1024.0,"GHAGGAR AT 100M D/S CONF. WITH R. SARASWATI (PATIALA),PUNJAB",PUNJAB
1295.0,"GHAGGAR NEAR BANKARPUR,DERA BASSI,PUNJAB",PUNJAB
1473.0,"GHAGGAR AT RATANHERI, D/S OF PATIALA NaNDI (AFTER CONFL.), PUNJAB",PUNJAB
1698.0,GHAGGAR AT D/S CHHATBIR,PUNJAB
1699.0,"GHAGGAR AT U/S DHAKANSU NaNLLAH, PUNJAB",PUNJAB
1700.0,"GHAGGAR AT D/S DHAKANSU NaNLLAH, PUNJAB",PUNJAB
1701.0,GHAGGAR AT D/S JHARMAL NaNDI,PUNJAB
1702.0,GHAGGAR AT U/S JHARMAL NaNDI,PUNJAB
1703.0,"GHAGGAR AT MOONaNK, PUNJAB",PUNJAB
1704.0,GHAGGAR AT D/S SARDULGARH,PUNJAB
1705.0,GHAGGAR AT U/S SARDULGARH,PUNJAB
1718.0,"GAGGAR RIVER WHEN ENTERING IN RAJASTHAN FROM HARYANaN NEAR RD NO. 629, RAJASTHAN",RAJASTHAN
1719.0,"GAGGAR RIVER D/S HANUMANGARH NEAR 2 KNJ NaNI ABADI, MAKKASR",RAJASTHAN
1871.0,"RIVER MARKANDA AT PAONTA, DISTT. SIRMOUR, H.P.",HIMACHAL PRADESH
2624.0,MARKANDA U/S KALA AMB,HIMACHAL PRADESH
2625.0,MARKANDA D/S KALA AMB/ BOUNDARY OF HARYANaN,HIMACHAL PRADESH
1870.0,"RIVER SUKHANaN AT PARWANOO, DISTT. SOLAN, H.P.",HIMACHAL PRADESH
2948.0,"RIVER BANDI AT HEMAWAS DAM, PALI, RAJASTHAN",RAJASTHAN
1632.0,"GANOL RIVER TURA, MEGHALAYA",MEGHALAYA
1428.0,"KHARKHLA NEAR SUTNGA KHLIERIAT,JAINTIA HILLS DT.,MEGHALAYA",MEGHALAYA
1631.0,"MYNTDU RIVER JOWAI, MEGHALAYA",MEGHALAYA
1633.0,SIMSANG RIVER WILLIAMNaNGAR,MEGHALAYA
1427.0,UMTREW AT BYRNIHAT EAST,MEGHALAYA
2050.0,TLAWNG UPSTREAM AIZAWL,MIZORAM
2051.0,TLAWNG DOWNSTREAM AIZAWL,MIZORAM
2052.0,TUIRIAL UPPER CATCHMENT,MIZORAM
2053.0,TUIRIAL LOWER CATCHMENT,MIZORAM
1404.0,GUMTI AT D/S SOUTH TRIPURA,TRIPURA
1726.0,"CHANDRAPUR, AGARTALA D/S OF HAORA RIVER, TRIPURA",TRIPURA
2459.0,"DAMANGANGA AT ZARI CAUSE WAY BRIDGE, DAMAN ",DAMAN & DIU
1860.0,BALEHWAR KHADI AT N.H. NO. 8,GUJARAT
1861.0,RIVER PURNaN ON BRIDGE AT SURATNaNNaNVSARI HIGHWAY,GUJARAT
1862.0,RIVER KAVERI ON BRIDGE AT BILLIMORANaNVALSAD ROAD,GUJARAT
1865.0,RIVER DHADAR AT KOTHADA,GUJARAT
1148.0,"AMBIKA AT BILIMORA, ",GUJARAT
1438.0,"MINDHOLA AT STATE HIGHWAY BRIDGE SACHIN, ",GUJARAT
1633.0,SIMSANG RIVER WILLIAMNaNGAR,MIZORAM
1404.0,GUMTI AT D/S SOUTH TRIPURA,tripura
1726.0,"CHANDRAPUR, AGARTALA D/S OF HAORA RIVER, TRIPURA",tripura
